TIME_PERIOD,FREQ,ADJUSTMENT,REF_AREA,SECTOR,COUNTERPART_SECTOR,TRANSACTION,INSTR_ASSET,ACTIVITY,EXPENDITURE,UNIT_MEASURE,PRICE_BASE,TRANSFORMATION,TABLE_IDENTIFIER,obsValue,DECIMALS,UNIT_MULT,CURRENCY,CONF_STATUS,OBS_STATUS
1985-Q1,Q,Y,GBR,S1,S1,B1GQ,_Z,_Z,_Z,PC,L,G1,T0102,0.977303908,1,0,_Z,F,A
1985-Q2,Q,Y,GBR,S1,S1,B1GQ,_Z,_Z,_Z,PC,L,G1,T0102,2.121278341,1,0,_Z,F,A
1985-Q3,Q,Y,GBR,S1,S1,B1GQ,_Z,_Z,_Z,PC,L,G1,T0102,-0.018297354,1,0,_Z,F,A
1985-Q4,Q,Y,GBR,S1,S1,B1GQ,_Z,_Z,_Z,PC,L,G1,T0102,0.065758456,1,0,_Z,F,A
1986-Q1,Q,Y,GBR,S1,S1,B1GQ,_Z,_Z,_Z,PC,L,G1,T0102,1.042764504,1,0,_Z,F,A
1986-Q2,Q,Y,GBR,S1,S1,B1GQ,_Z,_Z,_Z,PC,L,G1,T0102,0.890884995,1,0,_Z,F,A
1986-Q3,Q,Y,GBR,S1,S1,B1GQ,_Z,_Z,_Z,PC,L,G1,T0102,0.636721886,1,0,_Z,F,A
1986-Q4,Q,Y,GBR,S1,S1,B1GQ,_Z,_Z,_Z,PC,L,G1,T0102,1.93403552,1,0,_Z,F,A
1987-Q1,Q,Y,GBR,S1,S1,B1GQ,_Z,_Z,_Z,PC,L,G1,T0102,0.707538082,1,0,_Z,F,A
1987-Q2,Q,Y,GBR,S1,S1,B1GQ,_Z,_Z,_Z,PC,L,G1,T0102,1.483720574,1,0,_Z,F,A
1987-Q3,Q,Y,GBR,S1,S1,B1GQ,_Z,_Z,_Z,PC,L,G1,T0102,2.485534883,1,0,_Z,F,A
1987-Q4,Q,Y,GBR,S1,S1,B1GQ,_Z,_Z,_Z,PC,L,G1,T0102,1.152915541,1,0,_Z,F,A
1988-Q1,Q,Y,GBR,S1,S1,B1GQ,_Z,_Z,_Z,PC,L,G1,T0102,1.630487999,1,0,_Z,F,A
1988-Q2,Q,Y,GBR,S1,S1,B1GQ,_Z,_Z,_Z,PC,L,G1,T0102,0.534593013,1,0,_Z,F,A
1988-Q3,Q,Y,GBR,S1,S1,B1GQ,_Z,_Z,_Z,PC,L,G1,T0102,1.249969196,1,0,_Z,F,A
1988-Q4,Q,Y,GBR,S1,S1,B1GQ,_Z,_Z,_Z,PC,L,G1,T0102,0.805356785,1,0,_Z,F,A
1989-Q1,Q,Y,GBR,S1,S1,B1GQ,_Z,_Z,_Z,PC,L,G1,T0102,0.498991286,1,0,_Z,F,A
1989-Q2,Q,Y,GBR,S1,S1,B1GQ,_Z,_Z,_Z,PC,L,G1,T0102,0.624379358,1,0,_Z,F,A
1989-Q3,Q,Y,GBR,S1,S1,B1GQ,_Z,_Z,_Z,PC,L,G1,T0102,0.165008184,1,0,_Z,F,A
1989-Q4,Q,Y,GBR,S1,S1,B1GQ,_Z,_Z,_Z,PC,L,G1,T0102,-0.017215214,1,0,_Z,F,A
1990-Q1,Q,Y,GBR,S1,S1,B1GQ,_Z,_Z,_Z,PC,L,G1,T0102,0.516545345,1,0,_Z,F,A
1990-Q2,Q,Y,GBR,S1,S1,B1GQ,_Z,_Z,_Z,PC,L,G1,T0102,0.66911226,1,0,_Z,F,A
1990-Q3,Q,Y,GBR,S1,S1,B1GQ,_Z,_Z,_Z,PC,L,G1,T0102,-1.090584481,1,0,_Z,F,A
1990-Q4,Q,Y,GBR,S1,S1,B1GQ,_Z,_Z,_Z,PC,L,G1,T0102,-0.50684036,1,0,_Z,F,A
1991-Q1,Q,Y,GBR,S1,S1,B1GQ,_Z,_Z,_Z,PC,L,G1,T0102,-0.493727322,1,0,_Z,F,A
1991-Q2,Q,Y,GBR,S1,S1,B1GQ,_Z,_Z,_Z,PC,L,G1,T0102,-0.120836229,1,0,_Z,F,A
1991-Q3,Q,Y,GBR,S1,S1,B1GQ,_Z,_Z,_Z,PC,L,G1,T0102,-0.195391962,1,0,_Z,F,A
1991-Q4,Q,Y,GBR,S1,S1,B1GQ,_Z,_Z,_Z,PC,L,G1,T0102,0.128460247,1,0,_Z,F,A
1992-Q1,Q,Y,GBR,S1,S1,B1GQ,_Z,_Z,_Z,PC,L,G1,T0102,-0.010713607,1,0,_Z,F,A
1992-Q2,Q,Y,GBR,S1,S1,B1GQ,_Z,_Z,_Z,PC,L,G1,T0102,-0.151613776,1,0,_Z,F,A
1992-Q3,Q,Y,GBR,S1,S1,B1GQ,_Z,_Z,_Z,PC,L,G1,T0102,0.47914023,1,0,_Z,F,A
1992-Q4,Q,Y,GBR,S1,S1,B1GQ,_Z,_Z,_Z,PC,L,G1,T0102,0.769216393,1,0,_Z,F,A
1993-Q1,Q,Y,GBR,S1,S1,B1GQ,_Z,_Z,_Z,PC,L,G1,T0102,0.517198438,1,0,_Z,F,A
1993-Q2,Q,Y,GBR,S1,S1,B1GQ,_Z,_Z,_Z,PC,L,G1,T0102,0.44152147,1,0,_Z,F,A
1993-Q3,Q,Y,GBR,S1,S1,B1GQ,_Z,_Z,_Z,PC,L,G1,T0102,0.913015523,1,0,_Z,F,A
1993-Q4,Q,Y,GBR,S1,S1,B1GQ,_Z,_Z,_Z,PC,L,G1,T0102,0.68110183,1,0,_Z,F,A
1994-Q1,Q,Y,GBR,S1,S1,B1GQ,_Z,_Z,_Z,PC,L,G1,T0102,1.00298856,1,0,_Z,F,A
1994-Q2,Q,Y,GBR,S1,S1,B1GQ,_Z,_Z,_Z,PC,L,G1,T0102,0.910936869,1,0,_Z,F,A
1994-Q3,Q,Y,GBR,S1,S1,B1GQ,_Z,_Z,_Z,PC,L,G1,T0102,1.008140136,1,0,_Z,F,A
1994-Q4,Q,Y,GBR,S1,S1,B1GQ,_Z,_Z,_Z,PC,L,G1,T0102,0.4297908,1,0,_Z,F,A
1995-Q1,Q,Y,GBR,S1,S1,B1GQ,_Z,_Z,_Z,PC,L,G1,T0102,0.527382151,1,0,_Z,F,A
1995-Q2,Q,Y,GBR,S1,S1,B1GQ,_Z,_Z,_Z,PC,L,G1,T0102,0.215959641,1,0,_Z,F,A
1995-Q3,Q,Y,GBR,S1,S1,B1GQ,_Z,_Z,_Z,PC,L,G1,T0102,1.124835404,1,0,_Z,F,A
1995-Q4,Q,Y,GBR,S1,S1,B1GQ,_Z,_Z,_Z,PC,L,G1,T0102,0.327860812,1,0,_Z,F,A
1996-Q1,Q,Y,GBR,S1,S1,B1GQ,_Z,_Z,_Z,PC,L,G1,T0102,0.706373493,1,0,_Z,F,A
1996-Q2,Q,Y,GBR,S1,S1,B1GQ,_Z,_Z,_Z,PC,L,G1,T0102,0.316245249,1,0,_Z,F,A
1996-Q3,Q,Y,GBR,S1,S1,B1GQ,_Z,_Z,_Z,PC,L,G1,T0102,0.893727696,1,0,_Z,F,A
1996-Q4,Q,Y,GBR,S1,S1,B1GQ,_Z,_Z,_Z,PC,L,G1,T0102,1.347660418,1,0,_Z,F,A
1997-Q1,Q,Y,GBR,S1,S1,B1GQ,_Z,_Z,_Z,PC,L,G1,T0102,1.603969345,1,0,_Z,F,A
1997-Q2,Q,Y,GBR,S1,S1,B1GQ,_Z,_Z,_Z,PC,L,G1,T0102,1.113367395,1,0,_Z,F,A
1997-Q3,Q,Y,GBR,S1,S1,B1GQ,_Z,_Z,_Z,PC,L,G1,T0102,0.89843597100000006,1,0,_Z,F,A
1997-Q4,Q,Y,GBR,S1,S1,B1GQ,_Z,_Z,_Z,PC,L,G1,T0102,1.469984022,1,0,_Z,F,A
1998-Q1,Q,Y,GBR,S1,S1,B1GQ,_Z,_Z,_Z,PC,L,G1,T0102,0.713546587,1,0,_Z,F,A
1998-Q2,Q,Y,GBR,S1,S1,B1GQ,_Z,_Z,_Z,PC,L,G1,T0102,0.576263312,1,0,_Z,F,A
1998-Q3,Q,Y,GBR,S1,S1,B1GQ,_Z,_Z,_Z,PC,L,G1,T0102,0.158341698,1,0,_Z,F,A
1998-Q4,Q,Y,GBR,S1,S1,B1GQ,_Z,_Z,_Z,PC,L,G1,T0102,0.650103657,1,0,_Z,F,A
1999-Q1,Q,Y,GBR,S1,S1,B1GQ,_Z,_Z,_Z,PC,L,G1,T0102,0.684456213,1,0,_Z,F,A
1999-Q2,Q,Y,GBR,S1,S1,B1GQ,_Z,_Z,_Z,PC,L,G1,T0102,0.364516327,1,0,_Z,F,A
1999-Q3,Q,Y,GBR,S1,S1,B1GQ,_Z,_Z,_Z,PC,L,G1,T0102,1.673606418,1,0,_Z,F,A
1999-Q4,Q,Y,GBR,S1,S1,B1GQ,_Z,_Z,_Z,PC,L,G1,T0102,1.609178643,1,0,_Z,F,A
2000-Q1,Q,Y,GBR,S1,S1,B1GQ,_Z,_Z,_Z,PC,L,G1,T0102,1.3336372,1,0,_Z,F,A
2000-Q2,Q,Y,GBR,S1,S1,B1GQ,_Z,_Z,_Z,PC,L,G1,T0102,0.720515106,1,0,_Z,F,A
2000-Q3,Q,Y,GBR,S1,S1,B1GQ,_Z,_Z,_Z,PC,L,G1,T0102,0.608883706,1,0,_Z,F,A
2000-Q4,Q,Y,GBR,S1,S1,B1GQ,_Z,_Z,_Z,PC,L,G1,T0102,0.593690726,1,0,_Z,F,A
2001-Q1,Q,Y,GBR,S1,S1,B1GQ,_Z,_Z,_Z,PC,L,G1,T0102,0.831246195,1,0,_Z,F,A
2001-Q2,Q,Y,GBR,S1,S1,B1GQ,_Z,_Z,_Z,PC,L,G1,T0102,0.410677202,1,0,_Z,F,A
2001-Q3,Q,Y,GBR,S1,S1,B1GQ,_Z,_Z,_Z,PC,L,G1,T0102,0.471345959,1,0,_Z,F,A
2001-Q4,Q,Y,GBR,S1,S1,B1GQ,_Z,_Z,_Z,PC,L,G1,T0102,0.269109809,1,0,_Z,F,A
2002-Q1,Q,Y,GBR,S1,S1,B1GQ,_Z,_Z,_Z,PC,L,G1,T0102,0.303638454,1,0,_Z,F,A
2002-Q2,Q,Y,GBR,S1,S1,B1GQ,_Z,_Z,_Z,PC,L,G1,T0102,0.526963182,1,0,_Z,F,A
2002-Q3,Q,Y,GBR,S1,S1,B1GQ,_Z,_Z,_Z,PC,L,G1,T0102,0.586572593,1,0,_Z,F,A
2002-Q4,Q,Y,GBR,S1,S1,B1GQ,_Z,_Z,_Z,PC,L,G1,T0102,0.659970852,1,0,_Z,F,A
2003-Q1,Q,Y,GBR,S1,S1,B1GQ,_Z,_Z,_Z,PC,L,G1,T0102,0.844175717,1,0,_Z,F,A
2003-Q2,Q,Y,GBR,S1,S1,B1GQ,_Z,_Z,_Z,PC,L,G1,T0102,0.928154139,1,0,_Z,F,A
2003-Q3,Q,Y,GBR,S1,S1,B1GQ,_Z,_Z,_Z,PC,L,G1,T0102,1.042979788,1,0,_Z,F,A
2003-Q4,Q,Y,GBR,S1,S1,B1GQ,_Z,_Z,_Z,PC,L,G1,T0102,0.783460158,1,0,_Z,F,A
2004-Q1,Q,Y,GBR,S1,S1,B1GQ,_Z,_Z,_Z,PC,L,G1,T0102,0.317231981,1,0,_Z,F,A
2004-Q2,Q,Y,GBR,S1,S1,B1GQ,_Z,_Z,_Z,PC,L,G1,T0102,0.480569665,1,0,_Z,F,A
2004-Q3,Q,Y,GBR,S1,S1,B1GQ,_Z,_Z,_Z,PC,L,G1,T0102,0.357529814,1,0,_Z,F,A
2004-Q4,Q,Y,GBR,S1,S1,B1GQ,_Z,_Z,_Z,PC,L,G1,T0102,0.456359564,1,0,_Z,F,A
2005-Q1,Q,Y,GBR,S1,S1,B1GQ,_Z,_Z,_Z,PC,L,G1,T0102,0.771485939,1,0,_Z,F,A
2005-Q2,Q,Y,GBR,S1,S1,B1GQ,_Z,_Z,_Z,PC,L,G1,T0102,0.832119595,1,0,_Z,F,A
2005-Q3,Q,Y,GBR,S1,S1,B1GQ,_Z,_Z,_Z,PC,L,G1,T0102,0.920572654,1,0,_Z,F,A
2005-Q4,Q,Y,GBR,S1,S1,B1GQ,_Z,_Z,_Z,PC,L,G1,T0102,1.046041064,1,0,_Z,F,A
2006-Q1,Q,Y,GBR,S1,S1,B1GQ,_Z,_Z,_Z,PC,L,G1,T0102,0.360050403,1,0,_Z,F,A
2006-Q2,Q,Y,GBR,S1,S1,B1GQ,_Z,_Z,_Z,PC,L,G1,T0102,0.265262917,1,0,_Z,F,A
2006-Q3,Q,Y,GBR,S1,S1,B1GQ,_Z,_Z,_Z,PC,L,G1,T0102,0.157200404,1,0,_Z,F,A
2006-Q4,Q,Y,GBR,S1,S1,B1GQ,_Z,_Z,_Z,PC,L,G1,T0102,0.355642752,1,0,_Z,F,A
2007-Q1,Q,Y,GBR,S1,S1,B1GQ,_Z,_Z,_Z,PC,L,G1,T0102,1.09762578,1,0,_Z,F,A
2007-Q2,Q,Y,GBR,S1,S1,B1GQ,_Z,_Z,_Z,PC,L,G1,T0102,0.940326451,1,0,_Z,F,A
2007-Q3,Q,Y,GBR,S1,S1,B1GQ,_Z,_Z,_Z,PC,L,G1,T0102,0.942364427,1,0,_Z,F,A
2007-Q4,Q,Y,GBR,S1,S1,B1GQ,_Z,_Z,_Z,PC,L,G1,T0102,0.845230804,1,0,_Z,F,A
2008-Q1,Q,Y,GBR,S1,S1,B1GQ,_Z,_Z,_Z,PC,L,G1,T0102,0.373992308,1,0,_Z,F,A
2008-Q2,Q,Y,GBR,S1,S1,B1GQ,_Z,_Z,_Z,PC,L,G1,T0102,-0.536740016,1,0,_Z,F,A
2008-Q3,Q,Y,GBR,S1,S1,B1GQ,_Z,_Z,_Z,PC,L,G1,T0102,-1.641701269,1,0,_Z,F,A
2008-Q4,Q,Y,GBR,S1,S1,B1GQ,_Z,_Z,_Z,PC,L,G1,T0102,-2.115997428,1,0,_Z,F,A
2009-Q1,Q,Y,GBR,S1,S1,B1GQ,_Z,_Z,_Z,PC,L,G1,T0102,-2.022904296,1,0,_Z,F,A
2009-Q2,Q,Y,GBR,S1,S1,B1GQ,_Z,_Z,_Z,PC,L,G1,T0102,-0.289217387,1,0,_Z,F,A
2009-Q3,Q,Y,GBR,S1,S1,B1GQ,_Z,_Z,_Z,PC,L,G1,T0102,0.124075582,1,0,_Z,F,A
2009-Q4,Q,Y,GBR,S1,S1,B1GQ,_Z,_Z,_Z,PC,L,G1,T0102,0.333369727,1,0,_Z,F,A
2010-Q1,Q,Y,GBR,S1,S1,B1GQ,_Z,_Z,_Z,PC,L,G1,T0102,0.839723453,1,0,_Z,F,A
2010-Q2,Q,Y,GBR,S1,S1,B1GQ,_Z,_Z,_Z,PC,L,G1,T0102,1.142262078,1,0,_Z,F,A
2010-Q3,Q,Y,GBR,S1,S1,B1GQ,_Z,_Z,_Z,PC,L,G1,T0102,0.587886968,1,0,_Z,F,A
2010-Q4,Q,Y,GBR,S1,S1,B1GQ,_Z,_Z,_Z,PC,L,G1,T0102,0.050560497,1,0,_Z,F,A
2011-Q1,Q,Y,GBR,S1,S1,B1GQ,_Z,_Z,_Z,PC,L,G1,T0102,0.163973531,1,0,_Z,F,A
2011-Q2,Q,Y,GBR,S1,S1,B1GQ,_Z,_Z,_Z,PC,L,G1,T0102,-0.047982529,1,0,_Z,F,A
2011-Q3,Q,Y,GBR,S1,S1,B1GQ,_Z,_Z,_Z,PC,L,G1,T0102,0.173843675,1,0,_Z,F,A
2011-Q4,Q,Y,GBR,S1,S1,B1GQ,_Z,_Z,_Z,PC,L,G1,T0102,0.082806835,1,0,_Z,F,A
2012-Q1,Q,Y,GBR,S1,S1,B1GQ,_Z,_Z,_Z,PC,L,G1,T0102,0.943568944,1,0,_Z,F,A
2012-Q2,Q,Y,GBR,S1,S1,B1GQ,_Z,_Z,_Z,PC,L,G1,T0102,-0.053015612,1,0,_Z,F,A
2012-Q3,Q,Y,GBR,S1,S1,B1GQ,_Z,_Z,_Z,PC,L,G1,T0102,1.036272142,1,0,_Z,F,A
2012-Q4,Q,Y,GBR,S1,S1,B1GQ,_Z,_Z,_Z,PC,L,G1,T0102,-0.144374157,1,0,_Z,F,A
2013-Q1,Q,Y,GBR,S1,S1,B1GQ,_Z,_Z,_Z,PC,L,G1,T0102,0.26529924,1,0,_Z,F,A
2013-Q2,Q,Y,GBR,S1,S1,B1GQ,_Z,_Z,_Z,PC,L,G1,T0102,0.665115421,1,0,_Z,F,A
2013-Q3,Q,Y,GBR,S1,S1,B1GQ,_Z,_Z,_Z,PC,L,G1,T0102,0.766100359,1,0,_Z,F,A
2013-Q4,Q,Y,GBR,S1,S1,B1GQ,_Z,_Z,_Z,PC,L,G1,T0102,0.659438576,1,0,_Z,F,A
2014-Q1,Q,Y,GBR,S1,S1,B1GQ,_Z,_Z,_Z,PC,L,G1,T0102,0.801075759,1,0,_Z,F,A
2014-Q2,Q,Y,GBR,S1,S1,B1GQ,_Z,_Z,_Z,PC,L,G1,T0102,0.940847601,1,0,_Z,F,A
2014-Q3,Q,Y,GBR,S1,S1,B1GQ,_Z,_Z,_Z,PC,L,G1,T0102,0.814032641,1,0,_Z,F,A
2014-Q4,Q,Y,GBR,S1,S1,B1GQ,_Z,_Z,_Z,PC,L,G1,T0102,0.659900233,1,0,_Z,F,A
2015-Q1,Q,Y,GBR,S1,S1,B1GQ,_Z,_Z,_Z,PC,L,G1,T0102,0.303654985,1,0,_Z,F,A
2015-Q2,Q,Y,GBR,S1,S1,B1GQ,_Z,_Z,_Z,PC,L,G1,T0102,0.456550248,1,0,_Z,F,A
2015-Q3,Q,Y,GBR,S1,S1,B1GQ,_Z,_Z,_Z,PC,L,G1,T0102,0.387741019,1,0,_Z,F,A
2015-Q4,Q,Y,GBR,S1,S1,B1GQ,_Z,_Z,_Z,PC,L,G1,T0102,0.599259538,1,0,_Z,F,A
2016-Q1,Q,Y,GBR,S1,S1,B1GQ,_Z,_Z,_Z,PC,L,G1,T0102,0.503402104,1,0,_Z,F,A
2016-Q2,Q,Y,GBR,S1,S1,B1GQ,_Z,_Z,_Z,PC,L,G1,T0102,0.735563487,1,0,_Z,F,A
2016-Q3,Q,Y,GBR,S1,S1,B1GQ,_Z,_Z,_Z,PC,L,G1,T0102,0.441482173,1,0,_Z,F,A
2016-Q4,Q,Y,GBR,S1,S1,B1GQ,_Z,_Z,_Z,PC,L,G1,T0102,0.618994841,1,0,_Z,F,A
2017-Q1,Q,Y,GBR,S1,S1,B1GQ,_Z,_Z,_Z,PC,L,G1,T0102,0.953971766,1,0,_Z,F,A
2017-Q2,Q,Y,GBR,S1,S1,B1GQ,_Z,_Z,_Z,PC,L,G1,T0102,0.853123059,1,0,_Z,F,A
2017-Q3,Q,Y,GBR,S1,S1,B1GQ,_Z,_Z,_Z,PC,L,G1,T0102,0.676756016,1,0,_Z,F,A
2017-Q4,Q,Y,GBR,S1,S1,B1GQ,_Z,_Z,_Z,PC,L,G1,T0102,0.750541521,1,0,_Z,F,A
2018-Q1,Q,Y,GBR,S1,S1,B1GQ,_Z,_Z,_Z,PC,L,G1,T0102,0.078511925,1,0,_Z,F,A
2018-Q2,Q,Y,GBR,S1,S1,B1GQ,_Z,_Z,_Z,PC,L,G1,T0102,0.21756284,1,0,_Z,F,A
2018-Q3,Q,Y,GBR,S1,S1,B1GQ,_Z,_Z,_Z,PC,L,G1,T0102,0.317064438,1,0,_Z,F,A
2018-Q4,Q,Y,GBR,S1,S1,B1GQ,_Z,_Z,_Z,PC,L,G1,T0102,0.129751899,1,0,_Z,F,A
2019-Q1,Q,Y,GBR,S1,S1,B1GQ,_Z,_Z,_Z,PC,L,G1,T0102,0.503836163,1,0,_Z,F,A
2019-Q2,Q,Y,GBR,S1,S1,B1GQ,_Z,_Z,_Z,PC,L,G1,T0102,0.213237239,1,0,_Z,F,A
2019-Q3,Q,Y,GBR,S1,S1,B1GQ,_Z,_Z,_Z,PC,L,G1,T0102,0.550627929,1,0,_Z,F,A
2019-Q4,Q,Y,GBR,S1,S1,B1GQ,_Z,_Z,_Z,PC,L,G1,T0102,0.005965279,1,0,_Z,F,A
2020-Q1,Q,Y,GBR,S1,S1,B1GQ,_Z,_Z,_Z,PC,L,G1,T0102,-2.744908565,1,0,_Z,F,A
2020-Q2,Q,Y,GBR,S1,S1,B1GQ,_Z,_Z,_Z,PC,L,G1,T0102,-19.906160876,1,0,_Z,F,A
2020-Q3,Q,Y,GBR,S1,S1,B1GQ,_Z,_Z,_Z,PC,L,G1,T0102,16.964675432,1,0,_Z,F,A
2020-Q4,Q,Y,GBR,S1,S1,B1GQ,_Z,_Z,_Z,PC,L,G1,T0102,1.36798413,1,0,_Z,F,A
2021-Q1,Q,Y,GBR,S1,S1,B1GQ,_Z,_Z,_Z,PC,L,G1,T0102,-1.07616295,1,0,_Z,F,A
2021-Q2,Q,Y,GBR,S1,S1,B1GQ,_Z,_Z,_Z,PC,L,G1,T0102,6.982282324,1,0,_Z,F,A
2021-Q3,Q,Y,GBR,S1,S1,B1GQ,_Z,_Z,_Z,PC,L,G1,T0102,1.686645521,1,0,_Z,F,A
2021-Q4,Q,Y,GBR,S1,S1,B1GQ,_Z,_Z,_Z,PC,L,G1,T0102,1.377648545,1,0,_Z,F,A
2022-Q1,Q,Y,GBR,S1,S1,B1GQ,_Z,_Z,_Z,PC,L,G1,T0102,1.013349515,1,0,_Z,F,A
2022-Q2,Q,Y,GBR,S1,S1,B1GQ,_Z,_Z,_Z,PC,L,G1,T0102,0.557926646,1,0,_Z,F,A
2022-Q3,Q,Y,GBR,S1,S1,B1GQ,_Z,_Z,_Z,PC,L,G1,T0102,0.101116802,1,0,_Z,F,A
2022-Q4,Q,Y,GBR,S1,S1,B1GQ,_Z,_Z,_Z,PC,L,G1,T0102,0.260251023,1,0,_Z,F,A
2023-Q1,Q,Y,GBR,S1,S1,B1GQ,_Z,_Z,_Z,PC,L,G1,T0102,0.056473635,1,0,_Z,F,A
2023-Q2,Q,Y,GBR,S1,S1,B1GQ,_Z,_Z,_Z,PC,L,G1,T0102,0.041351933,1,0,_Z,F,A
2023-Q3,Q,Y,GBR,S1,S1,B1GQ,_Z,_Z,_Z,PC,L,G1,T0102,-0.239597036,1,0,_Z,F,A
2023-Q4,Q,Y,GBR,S1,S1,B1GQ,_Z,_Z,_Z,PC,L,G1,T0102,-0.3214415,1,0,_Z,F,A
2024-Q1,Q,Y,GBR,S1,S1,B1GQ,_Z,_Z,_Z,PC,L,G1,T0102,0.812393893,1,0,_Z,F,A
2024-Q2,Q,Y,GBR,S1,S1,B1GQ,_Z,_Z,_Z,PC,L,G1,T0102,0.590568838,1,0,_Z,F,A
2024-Q3,Q,Y,GBR,S1,S1,B1GQ,_Z,_Z,_Z,PC,L,G1,T0102,0.226239788,1,0,_Z,F,A
2024-Q4,Q,Y,GBR,S1,S1,B1GQ,_Z,_Z,_Z,PC,L,G1,T0102,0.276528909,1,0,_Z,F,A
2025-Q1,Q,Y,GBR,S1,S1,B1GQ,_Z,_Z,_Z,PC,L,G1,T0102,0.657288417,1,0,_Z,F,A
2025-Q2,Q,Y,GBR,S1,S1,B1GQ,_Z,_Z,_Z,PC,L,G1,T0102,0.202595209,1,0,_Z,F,A
2025-Q3,Q,Y,GBR,S1,S1,B1GQ,_Z,_Z,_Z,PC,L,G1,T0102,0.055193119,1,0,_Z,F,A
2025-Q4,Q,Y,GBR,S1,S1,B1GQ,_Z,_Z,_Z,PC,L,G1,T0102,0.054453641,1,0,_Z,F,A
