FREQ;Frekvens;BASE_CUR;Basisvaluta;QUOTE_CUR;Kvoteringsvaluta;TENOR;Løpetid;DECIMALS;CALCULATED;UNIT_MULT;Multiplikator;COLLECTION;Innsamlingstidspunkt;TIME_PERIOD;OBS_VALUE
M;Månedlig;USD;Amerikanske dollar;NOK;Norske kroner;SP;Spot;4;false;0;Enheter;A;Gjennomsnitt av observasjoner gjennom perioden;1990-01;6,5405
M;Månedlig;USD;Amerikanske dollar;NOK;Norske kroner;SP;Spot;4;false;0;Enheter;A;Gjennomsnitt av observasjoner gjennom perioden;1990-02;6,4709
M;Månedlig;USD;Amerikanske dollar;NOK;Norske kroner;SP;Spot;4;false;0;Enheter;A;Gjennomsnitt av observasjoner gjennom perioden;1990-03;6,5893
M;Månedlig;USD;Amerikanske dollar;NOK;Norske kroner;SP;Spot;4;false;0;Enheter;A;Gjennomsnitt av observasjoner gjennom perioden;1990-04;6,5506
M;Månedlig;USD;Amerikanske dollar;NOK;Norske kroner;SP;Spot;4;false;0;Enheter;A;Gjennomsnitt av observasjoner gjennom perioden;1990-05;6,4444
M;Månedlig;USD;Amerikanske dollar;NOK;Norske kroner;SP;Spot;4;false;0;Enheter;A;Gjennomsnitt av observasjoner gjennom perioden;1990-06;6,4729
M;Månedlig;USD;Amerikanske dollar;NOK;Norske kroner;SP;Spot;4;false;0;Enheter;A;Gjennomsnitt av observasjoner gjennom perioden;1990-07;6,3034
M;Månedlig;USD;Amerikanske dollar;NOK;Norske kroner;SP;Spot;4;false;0;Enheter;A;Gjennomsnitt av observasjoner gjennom perioden;1990-08;6,0845
M;Månedlig;USD;Amerikanske dollar;NOK;Norske kroner;SP;Spot;4;false;0;Enheter;A;Gjennomsnitt av observasjoner gjennom perioden;1990-09;6,0742
M;Månedlig;USD;Amerikanske dollar;NOK;Norske kroner;SP;Spot;4;false;0;Enheter;A;Gjennomsnitt av observasjoner gjennom perioden;1990-10;5,9203
M;Månedlig;USD;Amerikanske dollar;NOK;Norske kroner;SP;Spot;4;false;0;Enheter;A;Gjennomsnitt av observasjoner gjennom perioden;1990-11;5,805
M;Månedlig;USD;Amerikanske dollar;NOK;Norske kroner;SP;Spot;4;false;0;Enheter;A;Gjennomsnitt av observasjoner gjennom perioden;1990-12;5,861
M;Månedlig;USD;Amerikanske dollar;NOK;Norske kroner;SP;Spot;4;false;0;Enheter;A;Gjennomsnitt av observasjoner gjennom perioden;1991-01;5,906
M;Månedlig;USD;Amerikanske dollar;NOK;Norske kroner;SP;Spot;4;false;0;Enheter;A;Gjennomsnitt av observasjoner gjennom perioden;1991-02;5,787
M;Månedlig;USD;Amerikanske dollar;NOK;Norske kroner;SP;Spot;4;false;0;Enheter;A;Gjennomsnitt av observasjoner gjennom perioden;1991-03;6,2245
M;Månedlig;USD;Amerikanske dollar;NOK;Norske kroner;SP;Spot;4;false;0;Enheter;A;Gjennomsnitt av observasjoner gjennom perioden;1991-04;6,6237
M;Månedlig;USD;Amerikanske dollar;NOK;Norske kroner;SP;Spot;4;false;0;Enheter;A;Gjennomsnitt av observasjoner gjennom perioden;1991-05;6,6787
M;Månedlig;USD;Amerikanske dollar;NOK;Norske kroner;SP;Spot;4;false;0;Enheter;A;Gjennomsnitt av observasjoner gjennom perioden;1991-06;6,9602
M;Månedlig;USD;Amerikanske dollar;NOK;Norske kroner;SP;Spot;4;false;0;Enheter;A;Gjennomsnitt av observasjoner gjennom perioden;1991-07;6,9778
M;Månedlig;USD;Amerikanske dollar;NOK;Norske kroner;SP;Spot;4;false;0;Enheter;A;Gjennomsnitt av observasjoner gjennom perioden;1991-08;6,8187
M;Månedlig;USD;Amerikanske dollar;NOK;Norske kroner;SP;Spot;4;false;0;Enheter;A;Gjennomsnitt av observasjoner gjennom perioden;1991-09;6,6436
M;Månedlig;USD;Amerikanske dollar;NOK;Norske kroner;SP;Spot;4;false;0;Enheter;A;Gjennomsnitt av observasjoner gjennom perioden;1991-10;6,6197
M;Månedlig;USD;Amerikanske dollar;NOK;Norske kroner;SP;Spot;4;false;0;Enheter;A;Gjennomsnitt av observasjoner gjennom perioden;1991-11;6,3776
M;Månedlig;USD;Amerikanske dollar;NOK;Norske kroner;SP;Spot;4;false;0;Enheter;A;Gjennomsnitt av observasjoner gjennom perioden;1991-12;6,1694
M;Månedlig;USD;Amerikanske dollar;NOK;Norske kroner;SP;Spot;4;false;0;Enheter;A;Gjennomsnitt av observasjoner gjennom perioden;1992-01;6,1956
M;Månedlig;USD;Amerikanske dollar;NOK;Norske kroner;SP;Spot;4;false;0;Enheter;A;Gjennomsnitt av observasjoner gjennom perioden;1992-02;6,3503
M;Månedlig;USD;Amerikanske dollar;NOK;Norske kroner;SP;Spot;4;false;0;Enheter;A;Gjennomsnitt av observasjoner gjennom perioden;1992-03;6,5189
M;Månedlig;USD;Amerikanske dollar;NOK;Norske kroner;SP;Spot;4;false;0;Enheter;A;Gjennomsnitt av observasjoner gjennom perioden;1992-04;6,4542
M;Månedlig;USD;Amerikanske dollar;NOK;Norske kroner;SP;Spot;4;false;0;Enheter;A;Gjennomsnitt av observasjoner gjennom perioden;1992-05;6,3219
M;Månedlig;USD;Amerikanske dollar;NOK;Norske kroner;SP;Spot;4;false;0;Enheter;A;Gjennomsnitt av observasjoner gjennom perioden;1992-06;6,1548
M;Månedlig;USD;Amerikanske dollar;NOK;Norske kroner;SP;Spot;4;false;0;Enheter;A;Gjennomsnitt av observasjoner gjennom perioden;1992-07;5,8539
M;Månedlig;USD;Amerikanske dollar;NOK;Norske kroner;SP;Spot;4;false;0;Enheter;A;Gjennomsnitt av observasjoner gjennom perioden;1992-08;5,7247
M;Månedlig;USD;Amerikanske dollar;NOK;Norske kroner;SP;Spot;4;false;0;Enheter;A;Gjennomsnitt av observasjoner gjennom perioden;1992-09;5,7964
M;Månedlig;USD;Amerikanske dollar;NOK;Norske kroner;SP;Spot;4;false;0;Enheter;A;Gjennomsnitt av observasjoner gjennom perioden;1992-10;6,0371
M;Månedlig;USD;Amerikanske dollar;NOK;Norske kroner;SP;Spot;4;false;0;Enheter;A;Gjennomsnitt av observasjoner gjennom perioden;1992-11;6,468
M;Månedlig;USD;Amerikanske dollar;NOK;Norske kroner;SP;Spot;4;false;0;Enheter;A;Gjennomsnitt av observasjoner gjennom perioden;1992-12;6,6839
M;Månedlig;USD;Amerikanske dollar;NOK;Norske kroner;SP;Spot;4;false;0;Enheter;A;Gjennomsnitt av observasjoner gjennom perioden;1993-01;6,8774
M;Månedlig;USD;Amerikanske dollar;NOK;Norske kroner;SP;Spot;4;false;0;Enheter;A;Gjennomsnitt av observasjoner gjennom perioden;1993-02;6,9799
M;Månedlig;USD;Amerikanske dollar;NOK;Norske kroner;SP;Spot;4;false;0;Enheter;A;Gjennomsnitt av observasjoner gjennom perioden;1993-03;7,0042
M;Månedlig;USD;Amerikanske dollar;NOK;Norske kroner;SP;Spot;4;false;0;Enheter;A;Gjennomsnitt av observasjoner gjennom perioden;1993-04;6,765
M;Månedlig;USD;Amerikanske dollar;NOK;Norske kroner;SP;Spot;4;false;0;Enheter;A;Gjennomsnitt av observasjoner gjennom perioden;1993-05;6,7941
M;Månedlig;USD;Amerikanske dollar;NOK;Norske kroner;SP;Spot;4;false;0;Enheter;A;Gjennomsnitt av observasjoner gjennom perioden;1993-06;6,9812
M;Månedlig;USD;Amerikanske dollar;NOK;Norske kroner;SP;Spot;4;false;0;Enheter;A;Gjennomsnitt av observasjoner gjennom perioden;1993-07;7,3077
M;Månedlig;USD;Amerikanske dollar;NOK;Norske kroner;SP;Spot;4;false;0;Enheter;A;Gjennomsnitt av observasjoner gjennom perioden;1993-08;7,3648
M;Månedlig;USD;Amerikanske dollar;NOK;Norske kroner;SP;Spot;4;false;0;Enheter;A;Gjennomsnitt av observasjoner gjennom perioden;1993-09;7,0818
M;Månedlig;USD;Amerikanske dollar;NOK;Norske kroner;SP;Spot;4;false;0;Enheter;A;Gjennomsnitt av observasjoner gjennom perioden;1993-10;7,1642
M;Månedlig;USD;Amerikanske dollar;NOK;Norske kroner;SP;Spot;4;false;0;Enheter;A;Gjennomsnitt av observasjoner gjennom perioden;1993-11;7,3901
M;Månedlig;USD;Amerikanske dollar;NOK;Norske kroner;SP;Spot;4;false;0;Enheter;A;Gjennomsnitt av observasjoner gjennom perioden;1993-12;7,4197
M;Månedlig;USD;Amerikanske dollar;NOK;Norske kroner;SP;Spot;4;false;0;Enheter;A;Gjennomsnitt av observasjoner gjennom perioden;1994-01;7,5109
M;Månedlig;USD;Amerikanske dollar;NOK;Norske kroner;SP;Spot;4;false;0;Enheter;A;Gjennomsnitt av observasjoner gjennom perioden;1994-02;7,4949
M;Månedlig;USD;Amerikanske dollar;NOK;Norske kroner;SP;Spot;4;false;0;Enheter;A;Gjennomsnitt av observasjoner gjennom perioden;1994-03;7,3491
M;Månedlig;USD;Amerikanske dollar;NOK;Norske kroner;SP;Spot;4;false;0;Enheter;A;Gjennomsnitt av observasjoner gjennom perioden;1994-04;7,3651
M;Månedlig;USD;Amerikanske dollar;NOK;Norske kroner;SP;Spot;4;false;0;Enheter;A;Gjennomsnitt av observasjoner gjennom perioden;1994-05;7,1833
M;Månedlig;USD;Amerikanske dollar;NOK;Norske kroner;SP;Spot;4;false;0;Enheter;A;Gjennomsnitt av observasjoner gjennom perioden;1994-06;7,079
M;Månedlig;USD;Amerikanske dollar;NOK;Norske kroner;SP;Spot;4;false;0;Enheter;A;Gjennomsnitt av observasjoner gjennom perioden;1994-07;6,8671
M;Månedlig;USD;Amerikanske dollar;NOK;Norske kroner;SP;Spot;4;false;0;Enheter;A;Gjennomsnitt av observasjoner gjennom perioden;1994-08;6,8623
M;Månedlig;USD;Amerikanske dollar;NOK;Norske kroner;SP;Spot;4;false;0;Enheter;A;Gjennomsnitt av observasjoner gjennom perioden;1994-09;6,8036
M;Månedlig;USD;Amerikanske dollar;NOK;Norske kroner;SP;Spot;4;false;0;Enheter;A;Gjennomsnitt av observasjoner gjennom perioden;1994-10;6,6217
M;Månedlig;USD;Amerikanske dollar;NOK;Norske kroner;SP;Spot;4;false;0;Enheter;A;Gjennomsnitt av observasjoner gjennom perioden;1994-11;6,7265
M;Månedlig;USD;Amerikanske dollar;NOK;Norske kroner;SP;Spot;4;false;0;Enheter;A;Gjennomsnitt av observasjoner gjennom perioden;1994-12;6,8552
M;Månedlig;USD;Amerikanske dollar;NOK;Norske kroner;SP;Spot;4;false;0;Enheter;A;Gjennomsnitt av observasjoner gjennom perioden;1995-01;6,7014
M;Månedlig;USD;Amerikanske dollar;NOK;Norske kroner;SP;Spot;4;false;0;Enheter;A;Gjennomsnitt av observasjoner gjennom perioden;1995-02;6,5943
M;Månedlig;USD;Amerikanske dollar;NOK;Norske kroner;SP;Spot;4;false;0;Enheter;A;Gjennomsnitt av observasjoner gjennom perioden;1995-03;6,2691
M;Månedlig;USD;Amerikanske dollar;NOK;Norske kroner;SP;Spot;4;false;0;Enheter;A;Gjennomsnitt av observasjoner gjennom perioden;1995-04;6,1881
M;Månedlig;USD;Amerikanske dollar;NOK;Norske kroner;SP;Spot;4;false;0;Enheter;A;Gjennomsnitt av observasjoner gjennom perioden;1995-05;6,2853
M;Månedlig;USD;Amerikanske dollar;NOK;Norske kroner;SP;Spot;4;false;0;Enheter;A;Gjennomsnitt av observasjoner gjennom perioden;1995-06;6,2364
M;Månedlig;USD;Amerikanske dollar;NOK;Norske kroner;SP;Spot;4;false;0;Enheter;A;Gjennomsnitt av observasjoner gjennom perioden;1995-07;6,1731
M;Månedlig;USD;Amerikanske dollar;NOK;Norske kroner;SP;Spot;4;false;0;Enheter;A;Gjennomsnitt av observasjoner gjennom perioden;1995-08;6,3396
M;Månedlig;USD;Amerikanske dollar;NOK;Norske kroner;SP;Spot;4;false;0;Enheter;A;Gjennomsnitt av observasjoner gjennom perioden;1995-09;6,3991
M;Månedlig;USD;Amerikanske dollar;NOK;Norske kroner;SP;Spot;4;false;0;Enheter;A;Gjennomsnitt av observasjoner gjennom perioden;1995-10;6,2377
M;Månedlig;USD;Amerikanske dollar;NOK;Norske kroner;SP;Spot;4;false;0;Enheter;A;Gjennomsnitt av observasjoner gjennom perioden;1995-11;6,2471
M;Månedlig;USD;Amerikanske dollar;NOK;Norske kroner;SP;Spot;4;false;0;Enheter;A;Gjennomsnitt av observasjoner gjennom perioden;1995-12;6,3521
M;Månedlig;USD;Amerikanske dollar;NOK;Norske kroner;SP;Spot;4;false;0;Enheter;A;Gjennomsnitt av observasjoner gjennom perioden;1996-01;6,416
M;Månedlig;USD;Amerikanske dollar;NOK;Norske kroner;SP;Spot;4;false;0;Enheter;A;Gjennomsnitt av observasjoner gjennom perioden;1996-02;6,405
M;Månedlig;USD;Amerikanske dollar;NOK;Norske kroner;SP;Spot;4;false;0;Enheter;A;Gjennomsnitt av observasjoner gjennom perioden;1996-03;6,4278
M;Månedlig;USD;Amerikanske dollar;NOK;Norske kroner;SP;Spot;4;false;0;Enheter;A;Gjennomsnitt av observasjoner gjennom perioden;1996-04;6,4996
M;Månedlig;USD;Amerikanske dollar;NOK;Norske kroner;SP;Spot;4;false;0;Enheter;A;Gjennomsnitt av observasjoner gjennom perioden;1996-05;6,5758
M;Månedlig;USD;Amerikanske dollar;NOK;Norske kroner;SP;Spot;4;false;0;Enheter;A;Gjennomsnitt av observasjoner gjennom perioden;1996-06;6,5312
M;Månedlig;USD;Amerikanske dollar;NOK;Norske kroner;SP;Spot;4;false;0;Enheter;A;Gjennomsnitt av observasjoner gjennom perioden;1996-07;6,4503
M;Månedlig;USD;Amerikanske dollar;NOK;Norske kroner;SP;Spot;4;false;0;Enheter;A;Gjennomsnitt av observasjoner gjennom perioden;1996-08;6,4091
M;Månedlig;USD;Amerikanske dollar;NOK;Norske kroner;SP;Spot;4;false;0;Enheter;A;Gjennomsnitt av observasjoner gjennom perioden;1996-09;6,4557
M;Månedlig;USD;Amerikanske dollar;NOK;Norske kroner;SP;Spot;4;false;0;Enheter;A;Gjennomsnitt av observasjoner gjennom perioden;1996-10;6,4844
M;Månedlig;USD;Amerikanske dollar;NOK;Norske kroner;SP;Spot;4;false;0;Enheter;A;Gjennomsnitt av observasjoner gjennom perioden;1996-11;6,3521
M;Månedlig;USD;Amerikanske dollar;NOK;Norske kroner;SP;Spot;4;false;0;Enheter;A;Gjennomsnitt av observasjoner gjennom perioden;1996-12;6,4657
M;Månedlig;USD;Amerikanske dollar;NOK;Norske kroner;SP;Spot;4;false;0;Enheter;A;Gjennomsnitt av observasjoner gjennom perioden;1997-01;6,4475
M;Månedlig;USD;Amerikanske dollar;NOK;Norske kroner;SP;Spot;4;false;0;Enheter;A;Gjennomsnitt av observasjoner gjennom perioden;1997-02;6,6236
M;Månedlig;USD;Amerikanske dollar;NOK;Norske kroner;SP;Spot;4;false;0;Enheter;A;Gjennomsnitt av observasjoner gjennom perioden;1997-03;6,8178
M;Månedlig;USD;Amerikanske dollar;NOK;Norske kroner;SP;Spot;4;false;0;Enheter;A;Gjennomsnitt av observasjoner gjennom perioden;1997-04;6,9655
M;Månedlig;USD;Amerikanske dollar;NOK;Norske kroner;SP;Spot;4;false;0;Enheter;A;Gjennomsnitt av observasjoner gjennom perioden;1997-05;7,0612
M;Månedlig;USD;Amerikanske dollar;NOK;Norske kroner;SP;Spot;4;false;0;Enheter;A;Gjennomsnitt av observasjoner gjennom perioden;1997-06;7,2041
M;Månedlig;USD;Amerikanske dollar;NOK;Norske kroner;SP;Spot;4;false;0;Enheter;A;Gjennomsnitt av observasjoner gjennom perioden;1997-07;7,4315
M;Månedlig;USD;Amerikanske dollar;NOK;Norske kroner;SP;Spot;4;false;0;Enheter;A;Gjennomsnitt av observasjoner gjennom perioden;1997-08;7,6286
M;Månedlig;USD;Amerikanske dollar;NOK;Norske kroner;SP;Spot;4;false;0;Enheter;A;Gjennomsnitt av observasjoner gjennom perioden;1997-09;7,3157
M;Månedlig;USD;Amerikanske dollar;NOK;Norske kroner;SP;Spot;4;false;0;Enheter;A;Gjennomsnitt av observasjoner gjennom perioden;1997-10;7,0753
M;Månedlig;USD;Amerikanske dollar;NOK;Norske kroner;SP;Spot;4;false;0;Enheter;A;Gjennomsnitt av observasjoner gjennom perioden;1997-11;7,0544
M;Månedlig;USD;Amerikanske dollar;NOK;Norske kroner;SP;Spot;4;false;0;Enheter;A;Gjennomsnitt av observasjoner gjennom perioden;1997-12;7,2501
M;Månedlig;USD;Amerikanske dollar;NOK;Norske kroner;SP;Spot;4;false;0;Enheter;A;Gjennomsnitt av observasjoner gjennom perioden;1998-01;7,4875
M;Månedlig;USD;Amerikanske dollar;NOK;Norske kroner;SP;Spot;4;false;0;Enheter;A;Gjennomsnitt av observasjoner gjennom perioden;1998-02;7,5546
M;Månedlig;USD;Amerikanske dollar;NOK;Norske kroner;SP;Spot;4;false;0;Enheter;A;Gjennomsnitt av observasjoner gjennom perioden;1998-03;7,5773
M;Månedlig;USD;Amerikanske dollar;NOK;Norske kroner;SP;Spot;4;false;0;Enheter;A;Gjennomsnitt av observasjoner gjennom perioden;1998-04;7,5262
M;Månedlig;USD;Amerikanske dollar;NOK;Norske kroner;SP;Spot;4;false;0;Enheter;A;Gjennomsnitt av observasjoner gjennom perioden;1998-05;7,4441
M;Månedlig;USD;Amerikanske dollar;NOK;Norske kroner;SP;Spot;4;false;0;Enheter;A;Gjennomsnitt av observasjoner gjennom perioden;1998-06;7,5715
M;Månedlig;USD;Amerikanske dollar;NOK;Norske kroner;SP;Spot;4;false;0;Enheter;A;Gjennomsnitt av observasjoner gjennom perioden;1998-07;7,6228
M;Månedlig;USD;Amerikanske dollar;NOK;Norske kroner;SP;Spot;4;false;0;Enheter;A;Gjennomsnitt av observasjoner gjennom perioden;1998-08;7,7111
M;Månedlig;USD;Amerikanske dollar;NOK;Norske kroner;SP;Spot;4;false;0;Enheter;A;Gjennomsnitt av observasjoner gjennom perioden;1998-09;7,5771
M;Månedlig;USD;Amerikanske dollar;NOK;Norske kroner;SP;Spot;4;false;0;Enheter;A;Gjennomsnitt av observasjoner gjennom perioden;1998-10;7,4281
M;Månedlig;USD;Amerikanske dollar;NOK;Norske kroner;SP;Spot;4;false;0;Enheter;A;Gjennomsnitt av observasjoner gjennom perioden;1998-11;7,4508
M;Månedlig;USD;Amerikanske dollar;NOK;Norske kroner;SP;Spot;4;false;0;Enheter;A;Gjennomsnitt av observasjoner gjennom perioden;1998-12;7,5887
M;Månedlig;USD;Amerikanske dollar;NOK;Norske kroner;SP;Spot;4;false;0;Enheter;A;Gjennomsnitt av observasjoner gjennom perioden;1999-01;7,4524
M;Månedlig;USD;Amerikanske dollar;NOK;Norske kroner;SP;Spot;4;false;0;Enheter;A;Gjennomsnitt av observasjoner gjennom perioden;1999-02;7,7188
M;Månedlig;USD;Amerikanske dollar;NOK;Norske kroner;SP;Spot;4;false;0;Enheter;A;Gjennomsnitt av observasjoner gjennom perioden;1999-03;7,8169
M;Månedlig;USD;Amerikanske dollar;NOK;Norske kroner;SP;Spot;4;false;0;Enheter;A;Gjennomsnitt av observasjoner gjennom perioden;1999-04;7,7742
M;Månedlig;USD;Amerikanske dollar;NOK;Norske kroner;SP;Spot;4;false;0;Enheter;A;Gjennomsnitt av observasjoner gjennom perioden;1999-05;7,7513
M;Månedlig;USD;Amerikanske dollar;NOK;Norske kroner;SP;Spot;4;false;0;Enheter;A;Gjennomsnitt av observasjoner gjennom perioden;1999-06;7,8701
M;Månedlig;USD;Amerikanske dollar;NOK;Norske kroner;SP;Spot;4;false;0;Enheter;A;Gjennomsnitt av observasjoner gjennom perioden;1999-07;7,9034
M;Månedlig;USD;Amerikanske dollar;NOK;Norske kroner;SP;Spot;4;false;0;Enheter;A;Gjennomsnitt av observasjoner gjennom perioden;1999-08;7,7908
M;Månedlig;USD;Amerikanske dollar;NOK;Norske kroner;SP;Spot;4;false;0;Enheter;A;Gjennomsnitt av observasjoner gjennom perioden;1999-09;7,8351
M;Månedlig;USD;Amerikanske dollar;NOK;Norske kroner;SP;Spot;4;false;0;Enheter;A;Gjennomsnitt av observasjoner gjennom perioden;1999-10;7,7421
M;Månedlig;USD;Amerikanske dollar;NOK;Norske kroner;SP;Spot;4;false;0;Enheter;A;Gjennomsnitt av observasjoner gjennom perioden;1999-11;7,9235
M;Månedlig;USD;Amerikanske dollar;NOK;Norske kroner;SP;Spot;4;false;0;Enheter;A;Gjennomsnitt av observasjoner gjennom perioden;1999-12;8,011
M;Månedlig;USD;Amerikanske dollar;NOK;Norske kroner;SP;Spot;4;false;0;Enheter;A;Gjennomsnitt av observasjoner gjennom perioden;2000-01;8,0129
M;Månedlig;USD;Amerikanske dollar;NOK;Norske kroner;SP;Spot;4;false;0;Enheter;A;Gjennomsnitt av observasjoner gjennom perioden;2000-02;8,2361
M;Månedlig;USD;Amerikanske dollar;NOK;Norske kroner;SP;Spot;4;false;0;Enheter;A;Gjennomsnitt av observasjoner gjennom perioden;2000-03;8,4111
M;Månedlig;USD;Amerikanske dollar;NOK;Norske kroner;SP;Spot;4;false;0;Enheter;A;Gjennomsnitt av observasjoner gjennom perioden;2000-04;8,6081
M;Månedlig;USD;Amerikanske dollar;NOK;Norske kroner;SP;Spot;4;false;0;Enheter;A;Gjennomsnitt av observasjoner gjennom perioden;2000-05;9,0471
M;Månedlig;USD;Amerikanske dollar;NOK;Norske kroner;SP;Spot;4;false;0;Enheter;A;Gjennomsnitt av observasjoner gjennom perioden;2000-06;8,6788
M;Månedlig;USD;Amerikanske dollar;NOK;Norske kroner;SP;Spot;4;false;0;Enheter;A;Gjennomsnitt av observasjoner gjennom perioden;2000-07;8,7024
M;Månedlig;USD;Amerikanske dollar;NOK;Norske kroner;SP;Spot;4;false;0;Enheter;A;Gjennomsnitt av observasjoner gjennom perioden;2000-08;8,9556
M;Månedlig;USD;Amerikanske dollar;NOK;Norske kroner;SP;Spot;4;false;0;Enheter;A;Gjennomsnitt av observasjoner gjennom perioden;2000-09;9,2056
M;Månedlig;USD;Amerikanske dollar;NOK;Norske kroner;SP;Spot;4;false;0;Enheter;A;Gjennomsnitt av observasjoner gjennom perioden;2000-10;9,3613
M;Månedlig;USD;Amerikanske dollar;NOK;Norske kroner;SP;Spot;4;false;0;Enheter;A;Gjennomsnitt av observasjoner gjennom perioden;2000-11;9,3369
M;Månedlig;USD;Amerikanske dollar;NOK;Norske kroner;SP;Spot;4;false;0;Enheter;A;Gjennomsnitt av observasjoner gjennom perioden;2000-12;9,0662
M;Månedlig;USD;Amerikanske dollar;NOK;Norske kroner;SP;Spot;4;false;0;Enheter;A;Gjennomsnitt av observasjoner gjennom perioden;2001-01;8,7784
M;Månedlig;USD;Amerikanske dollar;NOK;Norske kroner;SP;Spot;4;false;0;Enheter;A;Gjennomsnitt av observasjoner gjennom perioden;2001-02;8,9117
M;Månedlig;USD;Amerikanske dollar;NOK;Norske kroner;SP;Spot;4;false;0;Enheter;A;Gjennomsnitt av observasjoner gjennom perioden;2001-03;8,9742
M;Månedlig;USD;Amerikanske dollar;NOK;Norske kroner;SP;Spot;4;false;0;Enheter;A;Gjennomsnitt av observasjoner gjennom perioden;2001-04;9,0942
M;Månedlig;USD;Amerikanske dollar;NOK;Norske kroner;SP;Spot;4;false;0;Enheter;A;Gjennomsnitt av observasjoner gjennom perioden;2001-05;9,1438
M;Månedlig;USD;Amerikanske dollar;NOK;Norske kroner;SP;Spot;4;false;0;Enheter;A;Gjennomsnitt av observasjoner gjennom perioden;2001-06;9,2987
M;Månedlig;USD;Amerikanske dollar;NOK;Norske kroner;SP;Spot;4;false;0;Enheter;A;Gjennomsnitt av observasjoner gjennom perioden;2001-07;9,2636
M;Månedlig;USD;Amerikanske dollar;NOK;Norske kroner;SP;Spot;4;false;0;Enheter;A;Gjennomsnitt av observasjoner gjennom perioden;2001-08;8,9469
M;Månedlig;USD;Amerikanske dollar;NOK;Norske kroner;SP;Spot;4;false;0;Enheter;A;Gjennomsnitt av observasjoner gjennom perioden;2001-09;8,7805
M;Månedlig;USD;Amerikanske dollar;NOK;Norske kroner;SP;Spot;4;false;0;Enheter;A;Gjennomsnitt av observasjoner gjennom perioden;2001-10;8,8286
M;Månedlig;USD;Amerikanske dollar;NOK;Norske kroner;SP;Spot;4;false;0;Enheter;A;Gjennomsnitt av observasjoner gjennom perioden;2001-11;8,9192
M;Månedlig;USD;Amerikanske dollar;NOK;Norske kroner;SP;Spot;4;false;0;Enheter;A;Gjennomsnitt av observasjoner gjennom perioden;2001-12;8,9552
M;Månedlig;USD;Amerikanske dollar;NOK;Norske kroner;SP;Spot;4;false;0;Enheter;A;Gjennomsnitt av observasjoner gjennom perioden;2002-01;8,9684
M;Månedlig;USD;Amerikanske dollar;NOK;Norske kroner;SP;Spot;4;false;0;Enheter;A;Gjennomsnitt av observasjoner gjennom perioden;2002-02;8,9484
M;Månedlig;USD;Amerikanske dollar;NOK;Norske kroner;SP;Spot;4;false;0;Enheter;A;Gjennomsnitt av observasjoner gjennom perioden;2002-03;8,8118
M;Månedlig;USD;Amerikanske dollar;NOK;Norske kroner;SP;Spot;4;false;0;Enheter;A;Gjennomsnitt av observasjoner gjennom perioden;2002-04;8,6053
M;Månedlig;USD;Amerikanske dollar;NOK;Norske kroner;SP;Spot;4;false;0;Enheter;A;Gjennomsnitt av observasjoner gjennom perioden;2002-05;8,192
M;Månedlig;USD;Amerikanske dollar;NOK;Norske kroner;SP;Spot;4;false;0;Enheter;A;Gjennomsnitt av observasjoner gjennom perioden;2002-06;7,7533
M;Månedlig;USD;Amerikanske dollar;NOK;Norske kroner;SP;Spot;4;false;0;Enheter;A;Gjennomsnitt av observasjoner gjennom perioden;2002-07;7,4641
M;Månedlig;USD;Amerikanske dollar;NOK;Norske kroner;SP;Spot;4;false;0;Enheter;A;Gjennomsnitt av observasjoner gjennom perioden;2002-08;7,5977
M;Månedlig;USD;Amerikanske dollar;NOK;Norske kroner;SP;Spot;4;false;0;Enheter;A;Gjennomsnitt av observasjoner gjennom perioden;2002-09;7,5065
M;Månedlig;USD;Amerikanske dollar;NOK;Norske kroner;SP;Spot;4;false;0;Enheter;A;Gjennomsnitt av observasjoner gjennom perioden;2002-10;7,4822
M;Månedlig;USD;Amerikanske dollar;NOK;Norske kroner;SP;Spot;4;false;0;Enheter;A;Gjennomsnitt av observasjoner gjennom perioden;2002-11;7,3094
M;Månedlig;USD;Amerikanske dollar;NOK;Norske kroner;SP;Spot;4;false;0;Enheter;A;Gjennomsnitt av observasjoner gjennom perioden;2002-12;7,168
M;Månedlig;USD;Amerikanske dollar;NOK;Norske kroner;SP;Spot;4;false;0;Enheter;A;Gjennomsnitt av observasjoner gjennom perioden;2003-01;6,9038
M;Månedlig;USD;Amerikanske dollar;NOK;Norske kroner;SP;Spot;4;false;0;Enheter;A;Gjennomsnitt av observasjoner gjennom perioden;2003-02;7,0027
M;Månedlig;USD;Amerikanske dollar;NOK;Norske kroner;SP;Spot;4;false;0;Enheter;A;Gjennomsnitt av observasjoner gjennom perioden;2003-03;7,2611
M;Månedlig;USD;Amerikanske dollar;NOK;Norske kroner;SP;Spot;4;false;0;Enheter;A;Gjennomsnitt av observasjoner gjennom perioden;2003-04;7,2235
M;Månedlig;USD;Amerikanske dollar;NOK;Norske kroner;SP;Spot;4;false;0;Enheter;A;Gjennomsnitt av observasjoner gjennom perioden;2003-05;6,803
M;Månedlig;USD;Amerikanske dollar;NOK;Norske kroner;SP;Spot;4;false;0;Enheter;A;Gjennomsnitt av observasjoner gjennom perioden;2003-06;7,0015
M;Månedlig;USD;Amerikanske dollar;NOK;Norske kroner;SP;Spot;4;false;0;Enheter;A;Gjennomsnitt av observasjoner gjennom perioden;2003-07;7,2902
M;Månedlig;USD;Amerikanske dollar;NOK;Norske kroner;SP;Spot;4;false;0;Enheter;A;Gjennomsnitt av observasjoner gjennom perioden;2003-08;7,4145
M;Månedlig;USD;Amerikanske dollar;NOK;Norske kroner;SP;Spot;4;false;0;Enheter;A;Gjennomsnitt av observasjoner gjennom perioden;2003-09;7,307
M;Månedlig;USD;Amerikanske dollar;NOK;Norske kroner;SP;Spot;4;false;0;Enheter;A;Gjennomsnitt av observasjoner gjennom perioden;2003-10;7,0374
M;Månedlig;USD;Amerikanske dollar;NOK;Norske kroner;SP;Spot;4;false;0;Enheter;A;Gjennomsnitt av observasjoner gjennom perioden;2003-11;7,0068
M;Månedlig;USD;Amerikanske dollar;NOK;Norske kroner;SP;Spot;4;false;0;Enheter;A;Gjennomsnitt av observasjoner gjennom perioden;2003-12;6,7085
M;Månedlig;USD;Amerikanske dollar;NOK;Norske kroner;SP;Spot;4;false;0;Enheter;A;Gjennomsnitt av observasjoner gjennom perioden;2004-01;6,8132
M;Månedlig;USD;Amerikanske dollar;NOK;Norske kroner;SP;Spot;4;false;0;Enheter;A;Gjennomsnitt av observasjoner gjennom perioden;2004-02;6,9393
M;Månedlig;USD;Amerikanske dollar;NOK;Norske kroner;SP;Spot;4;false;0;Enheter;A;Gjennomsnitt av observasjoner gjennom perioden;2004-03;6,9655
M;Månedlig;USD;Amerikanske dollar;NOK;Norske kroner;SP;Spot;4;false;0;Enheter;A;Gjennomsnitt av observasjoner gjennom perioden;2004-04;6,9242
M;Månedlig;USD;Amerikanske dollar;NOK;Norske kroner;SP;Spot;4;false;0;Enheter;A;Gjennomsnitt av observasjoner gjennom perioden;2004-05;6,8343
M;Månedlig;USD;Amerikanske dollar;NOK;Norske kroner;SP;Spot;4;false;0;Enheter;A;Gjennomsnitt av observasjoner gjennom perioden;2004-06;6,8267
M;Månedlig;USD;Amerikanske dollar;NOK;Norske kroner;SP;Spot;4;false;0;Enheter;A;Gjennomsnitt av observasjoner gjennom perioden;2004-07;6,9101
M;Månedlig;USD;Amerikanske dollar;NOK;Norske kroner;SP;Spot;4;false;0;Enheter;A;Gjennomsnitt av observasjoner gjennom perioden;2004-08;6,8435
M;Månedlig;USD;Amerikanske dollar;NOK;Norske kroner;SP;Spot;4;false;0;Enheter;A;Gjennomsnitt av observasjoner gjennom perioden;2004-09;6,8431
M;Månedlig;USD;Amerikanske dollar;NOK;Norske kroner;SP;Spot;4;false;0;Enheter;A;Gjennomsnitt av observasjoner gjennom perioden;2004-10;6,5951
M;Månedlig;USD;Amerikanske dollar;NOK;Norske kroner;SP;Spot;4;false;0;Enheter;A;Gjennomsnitt av observasjoner gjennom perioden;2004-11;6,2678
M;Månedlig;USD;Amerikanske dollar;NOK;Norske kroner;SP;Spot;4;false;0;Enheter;A;Gjennomsnitt av observasjoner gjennom perioden;2004-12;6,1321
M;Månedlig;USD;Amerikanske dollar;NOK;Norske kroner;SP;Spot;4;false;0;Enheter;A;Gjennomsnitt av observasjoner gjennom perioden;2005-01;6,2604
M;Månedlig;USD;Amerikanske dollar;NOK;Norske kroner;SP;Spot;4;false;0;Enheter;A;Gjennomsnitt av observasjoner gjennom perioden;2005-02;6,3942
M;Månedlig;USD;Amerikanske dollar;NOK;Norske kroner;SP;Spot;4;false;0;Enheter;A;Gjennomsnitt av observasjoner gjennom perioden;2005-03;6,1972
M;Månedlig;USD;Amerikanske dollar;NOK;Norske kroner;SP;Spot;4;false;0;Enheter;A;Gjennomsnitt av observasjoner gjennom perioden;2005-04;6,3199
M;Månedlig;USD;Amerikanske dollar;NOK;Norske kroner;SP;Spot;4;false;0;Enheter;A;Gjennomsnitt av observasjoner gjennom perioden;2005-05;6,3671
M;Månedlig;USD;Amerikanske dollar;NOK;Norske kroner;SP;Spot;4;false;0;Enheter;A;Gjennomsnitt av observasjoner gjennom perioden;2005-06;6,4888
M;Månedlig;USD;Amerikanske dollar;NOK;Norske kroner;SP;Spot;4;false;0;Enheter;A;Gjennomsnitt av observasjoner gjennom perioden;2005-07;6,58
M;Månedlig;USD;Amerikanske dollar;NOK;Norske kroner;SP;Spot;4;false;0;Enheter;A;Gjennomsnitt av observasjoner gjennom perioden;2005-08;6,4404
M;Månedlig;USD;Amerikanske dollar;NOK;Norske kroner;SP;Spot;4;false;0;Enheter;A;Gjennomsnitt av observasjoner gjennom perioden;2005-09;6,3723
M;Månedlig;USD;Amerikanske dollar;NOK;Norske kroner;SP;Spot;4;false;0;Enheter;A;Gjennomsnitt av observasjoner gjennom perioden;2005-10;6,5212
M;Månedlig;USD;Amerikanske dollar;NOK;Norske kroner;SP;Spot;4;false;0;Enheter;A;Gjennomsnitt av observasjoner gjennom perioden;2005-11;6,6438
M;Månedlig;USD;Amerikanske dollar;NOK;Norske kroner;SP;Spot;4;false;0;Enheter;A;Gjennomsnitt av observasjoner gjennom perioden;2005-12;6,7257
M;Månedlig;USD;Amerikanske dollar;NOK;Norske kroner;SP;Spot;4;false;0;Enheter;A;Gjennomsnitt av observasjoner gjennom perioden;2006-01;6,6405
M;Månedlig;USD;Amerikanske dollar;NOK;Norske kroner;SP;Spot;4;false;0;Enheter;A;Gjennomsnitt av observasjoner gjennom perioden;2006-02;6,751
M;Månedlig;USD;Amerikanske dollar;NOK;Norske kroner;SP;Spot;4;false;0;Enheter;A;Gjennomsnitt av observasjoner gjennom perioden;2006-03;6,6372
M;Månedlig;USD;Amerikanske dollar;NOK;Norske kroner;SP;Spot;4;false;0;Enheter;A;Gjennomsnitt av observasjoner gjennom perioden;2006-04;6,3847
M;Månedlig;USD;Amerikanske dollar;NOK;Norske kroner;SP;Spot;4;false;0;Enheter;A;Gjennomsnitt av observasjoner gjennom perioden;2006-05;6,1082
M;Månedlig;USD;Amerikanske dollar;NOK;Norske kroner;SP;Spot;4;false;0;Enheter;A;Gjennomsnitt av observasjoner gjennom perioden;2006-06;6,2216
M;Månedlig;USD;Amerikanske dollar;NOK;Norske kroner;SP;Spot;4;false;0;Enheter;A;Gjennomsnitt av observasjoner gjennom perioden;2006-07;6,2592
M;Månedlig;USD;Amerikanske dollar;NOK;Norske kroner;SP;Spot;4;false;0;Enheter;A;Gjennomsnitt av observasjoner gjennom perioden;2006-08;6,2383
M;Månedlig;USD;Amerikanske dollar;NOK;Norske kroner;SP;Spot;4;false;0;Enheter;A;Gjennomsnitt av observasjoner gjennom perioden;2006-09;6,488
M;Månedlig;USD;Amerikanske dollar;NOK;Norske kroner;SP;Spot;4;false;0;Enheter;A;Gjennomsnitt av observasjoner gjennom perioden;2006-10;6,658
M;Månedlig;USD;Amerikanske dollar;NOK;Norske kroner;SP;Spot;4;false;0;Enheter;A;Gjennomsnitt av observasjoner gjennom perioden;2006-11;6,4013
M;Månedlig;USD;Amerikanske dollar;NOK;Norske kroner;SP;Spot;4;false;0;Enheter;A;Gjennomsnitt av observasjoner gjennom perioden;2006-12;6,1741
M;Månedlig;USD;Amerikanske dollar;NOK;Norske kroner;SP;Spot;4;false;0;Enheter;A;Gjennomsnitt av observasjoner gjennom perioden;2007-01;6,3688
M;Månedlig;USD;Amerikanske dollar;NOK;Norske kroner;SP;Spot;4;false;0;Enheter;A;Gjennomsnitt av observasjoner gjennom perioden;2007-02;6,1863
M;Månedlig;USD;Amerikanske dollar;NOK;Norske kroner;SP;Spot;4;false;0;Enheter;A;Gjennomsnitt av observasjoner gjennom perioden;2007-03;6,1429
M;Månedlig;USD;Amerikanske dollar;NOK;Norske kroner;SP;Spot;4;false;0;Enheter;A;Gjennomsnitt av observasjoner gjennom perioden;2007-04;6,004
M;Månedlig;USD;Amerikanske dollar;NOK;Norske kroner;SP;Spot;4;false;0;Enheter;A;Gjennomsnitt av observasjoner gjennom perioden;2007-05;6,0235
M;Månedlig;USD;Amerikanske dollar;NOK;Norske kroner;SP;Spot;4;false;0;Enheter;A;Gjennomsnitt av observasjoner gjennom perioden;2007-06;6,0061
M;Månedlig;USD;Amerikanske dollar;NOK;Norske kroner;SP;Spot;4;false;0;Enheter;A;Gjennomsnitt av observasjoner gjennom perioden;2007-07;5,7879
M;Månedlig;USD;Amerikanske dollar;NOK;Norske kroner;SP;Spot;4;false;0;Enheter;A;Gjennomsnitt av observasjoner gjennom perioden;2007-08;5,8537
M;Månedlig;USD;Amerikanske dollar;NOK;Norske kroner;SP;Spot;4;false;0;Enheter;A;Gjennomsnitt av observasjoner gjennom perioden;2007-09;5,6366
M;Månedlig;USD;Amerikanske dollar;NOK;Norske kroner;SP;Spot;4;false;0;Enheter;A;Gjennomsnitt av observasjoner gjennom perioden;2007-10;5,4097
M;Månedlig;USD;Amerikanske dollar;NOK;Norske kroner;SP;Spot;4;false;0;Enheter;A;Gjennomsnitt av observasjoner gjennom perioden;2007-11;5,4154
M;Månedlig;USD;Amerikanske dollar;NOK;Norske kroner;SP;Spot;4;false;0;Enheter;A;Gjennomsnitt av observasjoner gjennom perioden;2007-12;5,4966
M;Månedlig;USD;Amerikanske dollar;NOK;Norske kroner;SP;Spot;4;false;0;Enheter;A;Gjennomsnitt av observasjoner gjennom perioden;2008-01;5,4065
M;Månedlig;USD;Amerikanske dollar;NOK;Norske kroner;SP;Spot;4;false;0;Enheter;A;Gjennomsnitt av observasjoner gjennom perioden;2008-02;5,3902
M;Månedlig;USD;Amerikanske dollar;NOK;Norske kroner;SP;Spot;4;false;0;Enheter;A;Gjennomsnitt av observasjoner gjennom perioden;2008-03;5,1265
M;Månedlig;USD;Amerikanske dollar;NOK;Norske kroner;SP;Spot;4;false;0;Enheter;A;Gjennomsnitt av observasjoner gjennom perioden;2008-04;5,0562
M;Månedlig;USD;Amerikanske dollar;NOK;Norske kroner;SP;Spot;4;false;0;Enheter;A;Gjennomsnitt av observasjoner gjennom perioden;2008-05;5,0546
M;Månedlig;USD;Amerikanske dollar;NOK;Norske kroner;SP;Spot;4;false;0;Enheter;A;Gjennomsnitt av observasjoner gjennom perioden;2008-06;5,1387
M;Månedlig;USD;Amerikanske dollar;NOK;Norske kroner;SP;Spot;4;false;0;Enheter;A;Gjennomsnitt av observasjoner gjennom perioden;2008-07;5,1041
M;Månedlig;USD;Amerikanske dollar;NOK;Norske kroner;SP;Spot;4;false;0;Enheter;A;Gjennomsnitt av observasjoner gjennom perioden;2008-08;5,3256
M;Månedlig;USD;Amerikanske dollar;NOK;Norske kroner;SP;Spot;4;false;0;Enheter;A;Gjennomsnitt av observasjoner gjennom perioden;2008-09;5,6775
M;Månedlig;USD;Amerikanske dollar;NOK;Norske kroner;SP;Spot;4;false;0;Enheter;A;Gjennomsnitt av observasjoner gjennom perioden;2008-10;6,4627
M;Månedlig;USD;Amerikanske dollar;NOK;Norske kroner;SP;Spot;4;false;0;Enheter;A;Gjennomsnitt av observasjoner gjennom perioden;2008-11;6,9198
M;Månedlig;USD;Amerikanske dollar;NOK;Norske kroner;SP;Spot;4;false;0;Enheter;A;Gjennomsnitt av observasjoner gjennom perioden;2008-12;7,0058
M;Månedlig;USD;Amerikanske dollar;NOK;Norske kroner;SP;Spot;4;false;0;Enheter;A;Gjennomsnitt av observasjoner gjennom perioden;2009-01;6,962
M;Månedlig;USD;Amerikanske dollar;NOK;Norske kroner;SP;Spot;4;false;0;Enheter;A;Gjennomsnitt av observasjoner gjennom perioden;2009-02;6,8712
M;Månedlig;USD;Amerikanske dollar;NOK;Norske kroner;SP;Spot;4;false;0;Enheter;A;Gjennomsnitt av observasjoner gjennom perioden;2009-03;6,7813
M;Månedlig;USD;Amerikanske dollar;NOK;Norske kroner;SP;Spot;4;false;0;Enheter;A;Gjennomsnitt av observasjoner gjennom perioden;2009-04;6,6659
M;Månedlig;USD;Amerikanske dollar;NOK;Norske kroner;SP;Spot;4;false;0;Enheter;A;Gjennomsnitt av observasjoner gjennom perioden;2009-05;6,4449
M;Månedlig;USD;Amerikanske dollar;NOK;Norske kroner;SP;Spot;4;false;0;Enheter;A;Gjennomsnitt av observasjoner gjennom perioden;2009-06;6,3867
M;Månedlig;USD;Amerikanske dollar;NOK;Norske kroner;SP;Spot;4;false;0;Enheter;A;Gjennomsnitt av observasjoner gjennom perioden;2009-07;6,3534
M;Månedlig;USD;Amerikanske dollar;NOK;Norske kroner;SP;Spot;4;false;0;Enheter;A;Gjennomsnitt av observasjoner gjennom perioden;2009-08;6,07
M;Månedlig;USD;Amerikanske dollar;NOK;Norske kroner;SP;Spot;4;false;0;Enheter;A;Gjennomsnitt av observasjoner gjennom perioden;2009-09;5,9044
M;Månedlig;USD;Amerikanske dollar;NOK;Norske kroner;SP;Spot;4;false;0;Enheter;A;Gjennomsnitt av observasjoner gjennom perioden;2009-10;5,6428
M;Månedlig;USD;Amerikanske dollar;NOK;Norske kroner;SP;Spot;4;false;0;Enheter;A;Gjennomsnitt av observasjoner gjennom perioden;2009-11;5,642
M;Månedlig;USD;Amerikanske dollar;NOK;Norske kroner;SP;Spot;4;false;0;Enheter;A;Gjennomsnitt av observasjoner gjennom perioden;2009-12;5,7531
M;Månedlig;USD;Amerikanske dollar;NOK;Norske kroner;SP;Spot;4;false;0;Enheter;A;Gjennomsnitt av observasjoner gjennom perioden;2010-01;5,7336
M;Månedlig;USD;Amerikanske dollar;NOK;Norske kroner;SP;Spot;4;false;0;Enheter;A;Gjennomsnitt av observasjoner gjennom perioden;2010-02;5,9168
M;Månedlig;USD;Amerikanske dollar;NOK;Norske kroner;SP;Spot;4;false;0;Enheter;A;Gjennomsnitt av observasjoner gjennom perioden;2010-03;5,9248
M;Månedlig;USD;Amerikanske dollar;NOK;Norske kroner;SP;Spot;4;false;0;Enheter;A;Gjennomsnitt av observasjoner gjennom perioden;2010-04;5,9154
M;Månedlig;USD;Amerikanske dollar;NOK;Norske kroner;SP;Spot;4;false;0;Enheter;A;Gjennomsnitt av observasjoner gjennom perioden;2010-05;6,2784
M;Månedlig;USD;Amerikanske dollar;NOK;Norske kroner;SP;Spot;4;false;0;Enheter;A;Gjennomsnitt av observasjoner gjennom perioden;2010-06;6,4768
M;Månedlig;USD;Amerikanske dollar;NOK;Norske kroner;SP;Spot;4;false;0;Enheter;A;Gjennomsnitt av observasjoner gjennom perioden;2010-07;6,2822
M;Månedlig;USD;Amerikanske dollar;NOK;Norske kroner;SP;Spot;4;false;0;Enheter;A;Gjennomsnitt av observasjoner gjennom perioden;2010-08;6,1542
M;Månedlig;USD;Amerikanske dollar;NOK;Norske kroner;SP;Spot;4;false;0;Enheter;A;Gjennomsnitt av observasjoner gjennom perioden;2010-09;6,0606
M;Månedlig;USD;Amerikanske dollar;NOK;Norske kroner;SP;Spot;4;false;0;Enheter;A;Gjennomsnitt av observasjoner gjennom perioden;2010-10;5,8365
M;Månedlig;USD;Amerikanske dollar;NOK;Norske kroner;SP;Spot;4;false;0;Enheter;A;Gjennomsnitt av observasjoner gjennom perioden;2010-11;5,9663
M;Månedlig;USD;Amerikanske dollar;NOK;Norske kroner;SP;Spot;4;false;0;Enheter;A;Gjennomsnitt av observasjoner gjennom perioden;2010-12;5,9785
M;Månedlig;USD;Amerikanske dollar;NOK;Norske kroner;SP;Spot;4;false;0;Enheter;A;Gjennomsnitt av observasjoner gjennom perioden;2011-01;5,8547
M;Månedlig;USD;Amerikanske dollar;NOK;Norske kroner;SP;Spot;4;false;0;Enheter;A;Gjennomsnitt av observasjoner gjennom perioden;2011-02;5,7304
M;Månedlig;USD;Amerikanske dollar;NOK;Norske kroner;SP;Spot;4;false;0;Enheter;A;Gjennomsnitt av observasjoner gjennom perioden;2011-03;5,593
M;Månedlig;USD;Amerikanske dollar;NOK;Norske kroner;SP;Spot;4;false;0;Enheter;A;Gjennomsnitt av observasjoner gjennom perioden;2011-04;5,4116
M;Månedlig;USD;Amerikanske dollar;NOK;Norske kroner;SP;Spot;4;false;0;Enheter;A;Gjennomsnitt av observasjoner gjennom perioden;2011-05;5,4579
M;Månedlig;USD;Amerikanske dollar;NOK;Norske kroner;SP;Spot;4;false;0;Enheter;A;Gjennomsnitt av observasjoner gjennom perioden;2011-06;5,4446
M;Månedlig;USD;Amerikanske dollar;NOK;Norske kroner;SP;Spot;4;false;0;Enheter;A;Gjennomsnitt av observasjoner gjennom perioden;2011-07;5,457
M;Månedlig;USD;Amerikanske dollar;NOK;Norske kroner;SP;Spot;4;false;0;Enheter;A;Gjennomsnitt av observasjoner gjennom perioden;2011-08;5,4301
M;Månedlig;USD;Amerikanske dollar;NOK;Norske kroner;SP;Spot;4;false;0;Enheter;A;Gjennomsnitt av observasjoner gjennom perioden;2011-09;5,6123
M;Månedlig;USD;Amerikanske dollar;NOK;Norske kroner;SP;Spot;4;false;0;Enheter;A;Gjennomsnitt av observasjoner gjennom perioden;2011-10;5,6552
M;Månedlig;USD;Amerikanske dollar;NOK;Norske kroner;SP;Spot;4;false;0;Enheter;A;Gjennomsnitt av observasjoner gjennom perioden;2011-11;5,7454
M;Månedlig;USD;Amerikanske dollar;NOK;Norske kroner;SP;Spot;4;false;0;Enheter;A;Gjennomsnitt av observasjoner gjennom perioden;2011-12;5,8783
M;Månedlig;USD;Amerikanske dollar;NOK;Norske kroner;SP;Spot;4;false;0;Enheter;A;Gjennomsnitt av observasjoner gjennom perioden;2012-01;5,9483
M;Månedlig;USD;Amerikanske dollar;NOK;Norske kroner;SP;Spot;4;false;0;Enheter;A;Gjennomsnitt av observasjoner gjennom perioden;2012-02;5,7117
M;Månedlig;USD;Amerikanske dollar;NOK;Norske kroner;SP;Spot;4;false;0;Enheter;A;Gjennomsnitt av observasjoner gjennom perioden;2012-03;5,7054
M;Månedlig;USD;Amerikanske dollar;NOK;Norske kroner;SP;Spot;4;false;0;Enheter;A;Gjennomsnitt av observasjoner gjennom perioden;2012-04;5,7481
M;Månedlig;USD;Amerikanske dollar;NOK;Norske kroner;SP;Spot;4;false;0;Enheter;A;Gjennomsnitt av observasjoner gjennom perioden;2012-05;5,9104
M;Månedlig;USD;Amerikanske dollar;NOK;Norske kroner;SP;Spot;4;false;0;Enheter;A;Gjennomsnitt av observasjoner gjennom perioden;2012-06;6,0199
M;Månedlig;USD;Amerikanske dollar;NOK;Norske kroner;SP;Spot;4;false;0;Enheter;A;Gjennomsnitt av observasjoner gjennom perioden;2012-07;6,0695
M;Månedlig;USD;Amerikanske dollar;NOK;Norske kroner;SP;Spot;4;false;0;Enheter;A;Gjennomsnitt av observasjoner gjennom perioden;2012-08;5,9069
M;Månedlig;USD;Amerikanske dollar;NOK;Norske kroner;SP;Spot;4;false;0;Enheter;A;Gjennomsnitt av observasjoner gjennom perioden;2012-09;5,7524
M;Månedlig;USD;Amerikanske dollar;NOK;Norske kroner;SP;Spot;4;false;0;Enheter;A;Gjennomsnitt av observasjoner gjennom perioden;2012-10;5,7096
M;Månedlig;USD;Amerikanske dollar;NOK;Norske kroner;SP;Spot;4;false;0;Enheter;A;Gjennomsnitt av observasjoner gjennom perioden;2012-11;5,72
M;Månedlig;USD;Amerikanske dollar;NOK;Norske kroner;SP;Spot;4;false;0;Enheter;A;Gjennomsnitt av observasjoner gjennom perioden;2012-12;5,6043
M;Månedlig;USD;Amerikanske dollar;NOK;Norske kroner;SP;Spot;4;false;0;Enheter;A;Gjennomsnitt av observasjoner gjennom perioden;2013-01;5,5558
M;Månedlig;USD;Amerikanske dollar;NOK;Norske kroner;SP;Spot;4;false;0;Enheter;A;Gjennomsnitt av observasjoner gjennom perioden;2013-02;5,5576
M;Månedlig;USD;Amerikanske dollar;NOK;Norske kroner;SP;Spot;4;false;0;Enheter;A;Gjennomsnitt av observasjoner gjennom perioden;2013-03;5,769
M;Månedlig;USD;Amerikanske dollar;NOK;Norske kroner;SP;Spot;4;false;0;Enheter;A;Gjennomsnitt av observasjoner gjennom perioden;2013-04;5,7919
M;Månedlig;USD;Amerikanske dollar;NOK;Norske kroner;SP;Spot;4;false;0;Enheter;A;Gjennomsnitt av observasjoner gjennom perioden;2013-05;5,8238
M;Månedlig;USD;Amerikanske dollar;NOK;Norske kroner;SP;Spot;4;false;0;Enheter;A;Gjennomsnitt av observasjoner gjennom perioden;2013-06;5,869
M;Månedlig;USD;Amerikanske dollar;NOK;Norske kroner;SP;Spot;4;false;0;Enheter;A;Gjennomsnitt av observasjoner gjennom perioden;2013-07;6,0282
M;Månedlig;USD;Amerikanske dollar;NOK;Norske kroner;SP;Spot;4;false;0;Enheter;A;Gjennomsnitt av observasjoner gjennom perioden;2013-08;5,9646
M;Månedlig;USD;Amerikanske dollar;NOK;Norske kroner;SP;Spot;4;false;0;Enheter;A;Gjennomsnitt av observasjoner gjennom perioden;2013-09;5,9734
M;Månedlig;USD;Amerikanske dollar;NOK;Norske kroner;SP;Spot;4;false;0;Enheter;A;Gjennomsnitt av observasjoner gjennom perioden;2013-10;5,9562
M;Månedlig;USD;Amerikanske dollar;NOK;Norske kroner;SP;Spot;4;false;0;Enheter;A;Gjennomsnitt av observasjoner gjennom perioden;2013-11;6,0814
M;Månedlig;USD;Amerikanske dollar;NOK;Norske kroner;SP;Spot;4;false;0;Enheter;A;Gjennomsnitt av observasjoner gjennom perioden;2013-12;6,1332
M;Månedlig;USD;Amerikanske dollar;NOK;Norske kroner;SP;Spot;4;false;0;Enheter;A;Gjennomsnitt av observasjoner gjennom perioden;2014-01;6,1666
M;Månedlig;USD;Amerikanske dollar;NOK;Norske kroner;SP;Spot;4;false;0;Enheter;A;Gjennomsnitt av observasjoner gjennom perioden;2014-02;6,1185
M;Månedlig;USD;Amerikanske dollar;NOK;Norske kroner;SP;Spot;4;false;0;Enheter;A;Gjennomsnitt av observasjoner gjennom perioden;2014-03;5,9981
M;Månedlig;USD;Amerikanske dollar;NOK;Norske kroner;SP;Spot;4;false;0;Enheter;A;Gjennomsnitt av observasjoner gjennom perioden;2014-04;5,973
M;Månedlig;USD;Amerikanske dollar;NOK;Norske kroner;SP;Spot;4;false;0;Enheter;A;Gjennomsnitt av observasjoner gjennom perioden;2014-05;5,935
M;Månedlig;USD;Amerikanske dollar;NOK;Norske kroner;SP;Spot;4;false;0;Enheter;A;Gjennomsnitt av observasjoner gjennom perioden;2014-06;6,0482
M;Månedlig;USD;Amerikanske dollar;NOK;Norske kroner;SP;Spot;4;false;0;Enheter;A;Gjennomsnitt av observasjoner gjennom perioden;2014-07;6,1955
M;Månedlig;USD;Amerikanske dollar;NOK;Norske kroner;SP;Spot;4;false;0;Enheter;A;Gjennomsnitt av observasjoner gjennom perioden;2014-08;6,1971
M;Månedlig;USD;Amerikanske dollar;NOK;Norske kroner;SP;Spot;4;false;0;Enheter;A;Gjennomsnitt av observasjoner gjennom perioden;2014-09;6,3409
M;Månedlig;USD;Amerikanske dollar;NOK;Norske kroner;SP;Spot;4;false;0;Enheter;A;Gjennomsnitt av observasjoner gjennom perioden;2014-10;6,5603
M;Månedlig;USD;Amerikanske dollar;NOK;Norske kroner;SP;Spot;4;false;0;Enheter;A;Gjennomsnitt av observasjoner gjennom perioden;2014-11;6,8081
M;Månedlig;USD;Amerikanske dollar;NOK;Norske kroner;SP;Spot;4;false;0;Enheter;A;Gjennomsnitt av observasjoner gjennom perioden;2014-12;7,2718
M;Månedlig;USD;Amerikanske dollar;NOK;Norske kroner;SP;Spot;4;false;0;Enheter;A;Gjennomsnitt av observasjoner gjennom perioden;2015-01;7,6869
M;Månedlig;USD;Amerikanske dollar;NOK;Norske kroner;SP;Spot;4;false;0;Enheter;A;Gjennomsnitt av observasjoner gjennom perioden;2015-02;7,5941
M;Månedlig;USD;Amerikanske dollar;NOK;Norske kroner;SP;Spot;4;false;0;Enheter;A;Gjennomsnitt av observasjoner gjennom perioden;2015-03;7,9788
M;Månedlig;USD;Amerikanske dollar;NOK;Norske kroner;SP;Spot;4;false;0;Enheter;A;Gjennomsnitt av observasjoner gjennom perioden;2015-04;7,8886
M;Månedlig;USD;Amerikanske dollar;NOK;Norske kroner;SP;Spot;4;false;0;Enheter;A;Gjennomsnitt av observasjoner gjennom perioden;2015-05;7,5484
M;Månedlig;USD;Amerikanske dollar;NOK;Norske kroner;SP;Spot;4;false;0;Enheter;A;Gjennomsnitt av observasjoner gjennom perioden;2015-06;7,8082
M;Månedlig;USD;Amerikanske dollar;NOK;Norske kroner;SP;Spot;4;false;0;Enheter;A;Gjennomsnitt av observasjoner gjennom perioden;2015-07;8,1269
M;Månedlig;USD;Amerikanske dollar;NOK;Norske kroner;SP;Spot;4;false;0;Enheter;A;Gjennomsnitt av observasjoner gjennom perioden;2015-08;8,2428
M;Månedlig;USD;Amerikanske dollar;NOK;Norske kroner;SP;Spot;4;false;0;Enheter;A;Gjennomsnitt av observasjoner gjennom perioden;2015-09;8,295
M;Månedlig;USD;Amerikanske dollar;NOK;Norske kroner;SP;Spot;4;false;0;Enheter;A;Gjennomsnitt av observasjoner gjennom perioden;2015-10;8,27
M;Månedlig;USD;Amerikanske dollar;NOK;Norske kroner;SP;Spot;4;false;0;Enheter;A;Gjennomsnitt av observasjoner gjennom perioden;2015-11;8,6233
M;Månedlig;USD;Amerikanske dollar;NOK;Norske kroner;SP;Spot;4;false;0;Enheter;A;Gjennomsnitt av observasjoner gjennom perioden;2015-12;8,7008
M;Månedlig;USD;Amerikanske dollar;NOK;Norske kroner;SP;Spot;4;false;0;Enheter;A;Gjennomsnitt av observasjoner gjennom perioden;2016-01;8,8309
M;Månedlig;USD;Amerikanske dollar;NOK;Norske kroner;SP;Spot;4;false;0;Enheter;A;Gjennomsnitt av observasjoner gjennom perioden;2016-02;8,6212
M;Månedlig;USD;Amerikanske dollar;NOK;Norske kroner;SP;Spot;4;false;0;Enheter;A;Gjennomsnitt av observasjoner gjennom perioden;2016-03;8,4937
M;Månedlig;USD;Amerikanske dollar;NOK;Norske kroner;SP;Spot;4;false;0;Enheter;A;Gjennomsnitt av observasjoner gjennom perioden;2016-04;8,2214
M;Månedlig;USD;Amerikanske dollar;NOK;Norske kroner;SP;Spot;4;false;0;Enheter;A;Gjennomsnitt av observasjoner gjennom perioden;2016-05;8,2376
M;Månedlig;USD;Amerikanske dollar;NOK;Norske kroner;SP;Spot;4;false;0;Enheter;A;Gjennomsnitt av observasjoner gjennom perioden;2016-06;8,308
M;Månedlig;USD;Amerikanske dollar;NOK;Norske kroner;SP;Spot;4;false;0;Enheter;A;Gjennomsnitt av observasjoner gjennom perioden;2016-07;8,4648
M;Månedlig;USD;Amerikanske dollar;NOK;Norske kroner;SP;Spot;4;false;0;Enheter;A;Gjennomsnitt av observasjoner gjennom perioden;2016-08;8,2981
M;Månedlig;USD;Amerikanske dollar;NOK;Norske kroner;SP;Spot;4;false;0;Enheter;A;Gjennomsnitt av observasjoner gjennom perioden;2016-09;8,203
M;Månedlig;USD;Amerikanske dollar;NOK;Norske kroner;SP;Spot;4;false;0;Enheter;A;Gjennomsnitt av observasjoner gjennom perioden;2016-10;8,1642
M;Månedlig;USD;Amerikanske dollar;NOK;Norske kroner;SP;Spot;4;false;0;Enheter;A;Gjennomsnitt av observasjoner gjennom perioden;2016-11;8,4116
M;Månedlig;USD;Amerikanske dollar;NOK;Norske kroner;SP;Spot;4;false;0;Enheter;A;Gjennomsnitt av observasjoner gjennom perioden;2016-12;8,562
M;Månedlig;USD;Amerikanske dollar;NOK;Norske kroner;SP;Spot;4;false;0;Enheter;A;Gjennomsnitt av observasjoner gjennom perioden;2017-01;8,4791
M;Månedlig;USD;Amerikanske dollar;NOK;Norske kroner;SP;Spot;4;false;0;Enheter;A;Gjennomsnitt av observasjoner gjennom perioden;2017-02;8,3256
M;Månedlig;USD;Amerikanske dollar;NOK;Norske kroner;SP;Spot;4;false;0;Enheter;A;Gjennomsnitt av observasjoner gjennom perioden;2017-03;8,5093
M;Månedlig;USD;Amerikanske dollar;NOK;Norske kroner;SP;Spot;4;false;0;Enheter;A;Gjennomsnitt av observasjoner gjennom perioden;2017-04;8,5804
M;Månedlig;USD;Amerikanske dollar;NOK;Norske kroner;SP;Spot;4;false;0;Enheter;A;Gjennomsnitt av observasjoner gjennom perioden;2017-05;8,5152
M;Månedlig;USD;Amerikanske dollar;NOK;Norske kroner;SP;Spot;4;false;0;Enheter;A;Gjennomsnitt av observasjoner gjennom perioden;2017-06;8,4605
M;Månedlig;USD;Amerikanske dollar;NOK;Norske kroner;SP;Spot;4;false;0;Enheter;A;Gjennomsnitt av observasjoner gjennom perioden;2017-07;8,1669
M;Månedlig;USD;Amerikanske dollar;NOK;Norske kroner;SP;Spot;4;false;0;Enheter;A;Gjennomsnitt av observasjoner gjennom perioden;2017-08;7,8943
M;Månedlig;USD;Amerikanske dollar;NOK;Norske kroner;SP;Spot;4;false;0;Enheter;A;Gjennomsnitt av observasjoner gjennom perioden;2017-09;7,829
M;Månedlig;USD;Amerikanske dollar;NOK;Norske kroner;SP;Spot;4;false;0;Enheter;A;Gjennomsnitt av observasjoner gjennom perioden;2017-10;7,9944
M;Månedlig;USD;Amerikanske dollar;NOK;Norske kroner;SP;Spot;4;false;0;Enheter;A;Gjennomsnitt av observasjoner gjennom perioden;2017-11;8,1853
M;Månedlig;USD;Amerikanske dollar;NOK;Norske kroner;SP;Spot;4;false;0;Enheter;A;Gjennomsnitt av observasjoner gjennom perioden;2017-12;8,3147
M;Månedlig;USD;Amerikanske dollar;NOK;Norske kroner;SP;Spot;4;false;0;Enheter;A;Gjennomsnitt av observasjoner gjennom perioden;2018-01;7,9092
M;Månedlig;USD;Amerikanske dollar;NOK;Norske kroner;SP;Spot;4;false;0;Enheter;A;Gjennomsnitt av observasjoner gjennom perioden;2018-02;7,8327
M;Månedlig;USD;Amerikanske dollar;NOK;Norske kroner;SP;Spot;4;false;0;Enheter;A;Gjennomsnitt av observasjoner gjennom perioden;2018-03;7,7655
M;Månedlig;USD;Amerikanske dollar;NOK;Norske kroner;SP;Spot;4;false;0;Enheter;A;Gjennomsnitt av observasjoner gjennom perioden;2018-04;7,837
M;Månedlig;USD;Amerikanske dollar;NOK;Norske kroner;SP;Spot;4;false;0;Enheter;A;Gjennomsnitt av observasjoner gjennom perioden;2018-05;8,1004
M;Månedlig;USD;Amerikanske dollar;NOK;Norske kroner;SP;Spot;4;false;0;Enheter;A;Gjennomsnitt av observasjoner gjennom perioden;2018-06;8,1134
M;Månedlig;USD;Amerikanske dollar;NOK;Norske kroner;SP;Spot;4;false;0;Enheter;A;Gjennomsnitt av observasjoner gjennom perioden;2018-07;8,1276
M;Månedlig;USD;Amerikanske dollar;NOK;Norske kroner;SP;Spot;4;false;0;Enheter;A;Gjennomsnitt av observasjoner gjennom perioden;2018-08;8,327
M;Månedlig;USD;Amerikanske dollar;NOK;Norske kroner;SP;Spot;4;false;0;Enheter;A;Gjennomsnitt av observasjoner gjennom perioden;2018-09;8,2523
M;Månedlig;USD;Amerikanske dollar;NOK;Norske kroner;SP;Spot;4;false;0;Enheter;A;Gjennomsnitt av observasjoner gjennom perioden;2018-10;8,2549
M;Månedlig;USD;Amerikanske dollar;NOK;Norske kroner;SP;Spot;4;false;0;Enheter;A;Gjennomsnitt av observasjoner gjennom perioden;2018-11;8,4698
M;Månedlig;USD;Amerikanske dollar;NOK;Norske kroner;SP;Spot;4;false;0;Enheter;A;Gjennomsnitt av observasjoner gjennom perioden;2018-12;8,6045
M;Månedlig;USD;Amerikanske dollar;NOK;Norske kroner;SP;Spot;4;false;0;Enheter;A;Gjennomsnitt av observasjoner gjennom perioden;2019-01;8,5521
M;Månedlig;USD;Amerikanske dollar;NOK;Norske kroner;SP;Spot;4;false;0;Enheter;A;Gjennomsnitt av observasjoner gjennom perioden;2019-02;8,5848
M;Månedlig;USD;Amerikanske dollar;NOK;Norske kroner;SP;Spot;4;false;0;Enheter;A;Gjennomsnitt av observasjoner gjennom perioden;2019-03;8,5984
M;Månedlig;USD;Amerikanske dollar;NOK;Norske kroner;SP;Spot;4;false;0;Enheter;A;Gjennomsnitt av observasjoner gjennom perioden;2019-04;8,565
M;Månedlig;USD;Amerikanske dollar;NOK;Norske kroner;SP;Spot;4;false;0;Enheter;A;Gjennomsnitt av observasjoner gjennom perioden;2019-05;8,7411
M;Månedlig;USD;Amerikanske dollar;NOK;Norske kroner;SP;Spot;4;false;0;Enheter;A;Gjennomsnitt av observasjoner gjennom perioden;2019-06;8,6294
M;Månedlig;USD;Amerikanske dollar;NOK;Norske kroner;SP;Spot;4;false;0;Enheter;A;Gjennomsnitt av observasjoner gjennom perioden;2019-07;8,61
M;Månedlig;USD;Amerikanske dollar;NOK;Norske kroner;SP;Spot;4;false;0;Enheter;A;Gjennomsnitt av observasjoner gjennom perioden;2019-08;8,9648
M;Månedlig;USD;Amerikanske dollar;NOK;Norske kroner;SP;Spot;4;false;0;Enheter;A;Gjennomsnitt av observasjoner gjennom perioden;2019-09;9,0155
M;Månedlig;USD;Amerikanske dollar;NOK;Norske kroner;SP;Spot;4;false;0;Enheter;A;Gjennomsnitt av observasjoner gjennom perioden;2019-10;9,153
M;Månedlig;USD;Amerikanske dollar;NOK;Norske kroner;SP;Spot;4;false;0;Enheter;A;Gjennomsnitt av observasjoner gjennom perioden;2019-11;9,1475
M;Månedlig;USD;Amerikanske dollar;NOK;Norske kroner;SP;Spot;4;false;0;Enheter;A;Gjennomsnitt av observasjoner gjennom perioden;2019-12;9,042
M;Månedlig;USD;Amerikanske dollar;NOK;Norske kroner;SP;Spot;4;false;0;Enheter;A;Gjennomsnitt av observasjoner gjennom perioden;2020-01;8,9538
M;Månedlig;USD;Amerikanske dollar;NOK;Norske kroner;SP;Spot;4;false;0;Enheter;A;Gjennomsnitt av observasjoner gjennom perioden;2020-02;9,292
M;Månedlig;USD;Amerikanske dollar;NOK;Norske kroner;SP;Spot;4;false;0;Enheter;A;Gjennomsnitt av observasjoner gjennom perioden;2020-03;10,2202
M;Månedlig;USD;Amerikanske dollar;NOK;Norske kroner;SP;Spot;4;false;0;Enheter;A;Gjennomsnitt av observasjoner gjennom perioden;2020-04;10,4435
M;Månedlig;USD;Amerikanske dollar;NOK;Norske kroner;SP;Spot;4;false;0;Enheter;A;Gjennomsnitt av observasjoner gjennom perioden;2020-05;10,0874
M;Månedlig;USD;Amerikanske dollar;NOK;Norske kroner;SP;Spot;4;false;0;Enheter;A;Gjennomsnitt av observasjoner gjennom perioden;2020-06;9,5261
M;Månedlig;USD;Amerikanske dollar;NOK;Norske kroner;SP;Spot;4;false;0;Enheter;A;Gjennomsnitt av observasjoner gjennom perioden;2020-07;9,2968
M;Månedlig;USD;Amerikanske dollar;NOK;Norske kroner;SP;Spot;4;false;0;Enheter;A;Gjennomsnitt av observasjoner gjennom perioden;2020-08;8,945
M;Månedlig;USD;Amerikanske dollar;NOK;Norske kroner;SP;Spot;4;false;0;Enheter;A;Gjennomsnitt av observasjoner gjennom perioden;2020-09;9,1406
M;Månedlig;USD;Amerikanske dollar;NOK;Norske kroner;SP;Spot;4;false;0;Enheter;A;Gjennomsnitt av observasjoner gjennom perioden;2020-10;9,2757
M;Månedlig;USD;Amerikanske dollar;NOK;Norske kroner;SP;Spot;4;false;0;Enheter;A;Gjennomsnitt av observasjoner gjennom perioden;2020-11;9,0781
M;Månedlig;USD;Amerikanske dollar;NOK;Norske kroner;SP;Spot;4;false;0;Enheter;A;Gjennomsnitt av observasjoner gjennom perioden;2020-12;8,7156
M;Månedlig;USD;Amerikanske dollar;NOK;Norske kroner;SP;Spot;4;false;0;Enheter;A;Gjennomsnitt av observasjoner gjennom perioden;2021-01;8,5174
M;Månedlig;USD;Amerikanske dollar;NOK;Norske kroner;SP;Spot;4;false;0;Enheter;A;Gjennomsnitt av observasjoner gjennom perioden;2021-02;8,4969
M;Månedlig;USD;Amerikanske dollar;NOK;Norske kroner;SP;Spot;4;false;0;Enheter;A;Gjennomsnitt av observasjoner gjennom perioden;2021-03;8,5276
M;Månedlig;USD;Amerikanske dollar;NOK;Norske kroner;SP;Spot;4;false;0;Enheter;A;Gjennomsnitt av observasjoner gjennom perioden;2021-04;8,3713
M;Månedlig;USD;Amerikanske dollar;NOK;Norske kroner;SP;Spot;4;false;0;Enheter;A;Gjennomsnitt av observasjoner gjennom perioden;2021-05;8,3042
M;Månedlig;USD;Amerikanske dollar;NOK;Norske kroner;SP;Spot;4;false;0;Enheter;A;Gjennomsnitt av observasjoner gjennom perioden;2021-06;8,422
M;Månedlig;USD;Amerikanske dollar;NOK;Norske kroner;SP;Spot;4;false;0;Enheter;A;Gjennomsnitt av observasjoner gjennom perioden;2021-07;8,7779
M;Månedlig;USD;Amerikanske dollar;NOK;Norske kroner;SP;Spot;4;false;0;Enheter;A;Gjennomsnitt av observasjoner gjennom perioden;2021-08;8,8516
M;Månedlig;USD;Amerikanske dollar;NOK;Norske kroner;SP;Spot;4;false;0;Enheter;A;Gjennomsnitt av observasjoner gjennom perioden;2021-09;8,6541
M;Månedlig;USD;Amerikanske dollar;NOK;Norske kroner;SP;Spot;4;false;0;Enheter;A;Gjennomsnitt av observasjoner gjennom perioden;2021-10;8,4597
M;Månedlig;USD;Amerikanske dollar;NOK;Norske kroner;SP;Spot;4;false;0;Enheter;A;Gjennomsnitt av observasjoner gjennom perioden;2021-11;8,7337
M;Månedlig;USD;Amerikanske dollar;NOK;Norske kroner;SP;Spot;4;false;0;Enheter;A;Gjennomsnitt av observasjoner gjennom perioden;2021-12;8,968
M;Månedlig;USD;Amerikanske dollar;NOK;Norske kroner;SP;Spot;4;false;0;Enheter;A;Gjennomsnitt av observasjoner gjennom perioden;2022-01;8,845
M;Månedlig;USD;Amerikanske dollar;NOK;Norske kroner;SP;Spot;4;false;0;Enheter;A;Gjennomsnitt av observasjoner gjennom perioden;2022-02;8,8651
M;Månedlig;USD;Amerikanske dollar;NOK;Norske kroner;SP;Spot;4;false;0;Enheter;A;Gjennomsnitt av observasjoner gjennom perioden;2022-03;8,8367
M;Månedlig;USD;Amerikanske dollar;NOK;Norske kroner;SP;Spot;4;false;0;Enheter;A;Gjennomsnitt av observasjoner gjennom perioden;2022-04;8,9013
M;Månedlig;USD;Amerikanske dollar;NOK;Norske kroner;SP;Spot;4;false;0;Enheter;A;Gjennomsnitt av observasjoner gjennom perioden;2022-05;9,5875
M;Månedlig;USD;Amerikanske dollar;NOK;Norske kroner;SP;Spot;4;false;0;Enheter;A;Gjennomsnitt av observasjoner gjennom perioden;2022-06;9,7645
M;Månedlig;USD;Amerikanske dollar;NOK;Norske kroner;SP;Spot;4;false;0;Enheter;A;Gjennomsnitt av observasjoner gjennom perioden;2022-07;10,0042
M;Månedlig;USD;Amerikanske dollar;NOK;Norske kroner;SP;Spot;4;false;0;Enheter;A;Gjennomsnitt av observasjoner gjennom perioden;2022-08;9,7068
M;Månedlig;USD;Amerikanske dollar;NOK;Norske kroner;SP;Spot;4;false;0;Enheter;A;Gjennomsnitt av observasjoner gjennom perioden;2022-09;10,2735
M;Månedlig;USD;Amerikanske dollar;NOK;Norske kroner;SP;Spot;4;false;0;Enheter;A;Gjennomsnitt av observasjoner gjennom perioden;2022-10;10,5775
M;Månedlig;USD;Amerikanske dollar;NOK;Norske kroner;SP;Spot;4;false;0;Enheter;A;Gjennomsnitt av observasjoner gjennom perioden;2022-11;10,1355
M;Månedlig;USD;Amerikanske dollar;NOK;Norske kroner;SP;Spot;4;false;0;Enheter;A;Gjennomsnitt av observasjoner gjennom perioden;2022-12;9,8672
M;Månedlig;USD;Amerikanske dollar;NOK;Norske kroner;SP;Spot;4;false;0;Enheter;A;Gjennomsnitt av observasjoner gjennom perioden;2023-01;9,9506
M;Månedlig;USD;Amerikanske dollar;NOK;Norske kroner;SP;Spot;4;false;0;Enheter;A;Gjennomsnitt av observasjoner gjennom perioden;2023-02;10,2231
M;Månedlig;USD;Amerikanske dollar;NOK;Norske kroner;SP;Spot;4;false;0;Enheter;A;Gjennomsnitt av observasjoner gjennom perioden;2023-03;10,5425
M;Månedlig;USD;Amerikanske dollar;NOK;Norske kroner;SP;Spot;4;false;0;Enheter;A;Gjennomsnitt av observasjoner gjennom perioden;2023-04;10,5064
M;Månedlig;USD;Amerikanske dollar;NOK;Norske kroner;SP;Spot;4;false;0;Enheter;A;Gjennomsnitt av observasjoner gjennom perioden;2023-05;10,7764
M;Månedlig;USD;Amerikanske dollar;NOK;Norske kroner;SP;Spot;4;false;0;Enheter;A;Gjennomsnitt av observasjoner gjennom perioden;2023-06;10,8099
M;Månedlig;USD;Amerikanske dollar;NOK;Norske kroner;SP;Spot;4;false;0;Enheter;A;Gjennomsnitt av observasjoner gjennom perioden;2023-07;10,2644
M;Månedlig;USD;Amerikanske dollar;NOK;Norske kroner;SP;Spot;4;false;0;Enheter;A;Gjennomsnitt av observasjoner gjennom perioden;2023-08;10,4629
M;Månedlig;USD;Amerikanske dollar;NOK;Norske kroner;SP;Spot;4;false;0;Enheter;A;Gjennomsnitt av observasjoner gjennom perioden;2023-09;10,7197
M;Månedlig;USD;Amerikanske dollar;NOK;Norske kroner;SP;Spot;4;false;0;Enheter;A;Gjennomsnitt av observasjoner gjennom perioden;2023-10;11,0089
M;Månedlig;USD;Amerikanske dollar;NOK;Norske kroner;SP;Spot;4;false;0;Enheter;A;Gjennomsnitt av observasjoner gjennom perioden;2023-11;10,9161
M;Månedlig;USD;Amerikanske dollar;NOK;Norske kroner;SP;Spot;4;false;0;Enheter;A;Gjennomsnitt av observasjoner gjennom perioden;2023-12;10,581
M;Månedlig;USD;Amerikanske dollar;NOK;Norske kroner;SP;Spot;4;false;0;Enheter;A;Gjennomsnitt av observasjoner gjennom perioden;2024-01;10,4083
M;Månedlig;USD;Amerikanske dollar;NOK;Norske kroner;SP;Spot;4;false;0;Enheter;A;Gjennomsnitt av observasjoner gjennom perioden;2024-02;10,5463
M;Månedlig;USD;Amerikanske dollar;NOK;Norske kroner;SP;Spot;4;false;0;Enheter;A;Gjennomsnitt av observasjoner gjennom perioden;2024-03;10,5857
M;Månedlig;USD;Amerikanske dollar;NOK;Norske kroner;SP;Spot;4;false;0;Enheter;A;Gjennomsnitt av observasjoner gjennom perioden;2024-04;10,8911
M;Månedlig;USD;Amerikanske dollar;NOK;Norske kroner;SP;Spot;4;false;0;Enheter;A;Gjennomsnitt av observasjoner gjennom perioden;2024-05;10,7199
M;Månedlig;USD;Amerikanske dollar;NOK;Norske kroner;SP;Spot;4;false;0;Enheter;A;Gjennomsnitt av observasjoner gjennom perioden;2024-06;10,6125
M;Månedlig;USD;Amerikanske dollar;NOK;Norske kroner;SP;Spot;4;false;0;Enheter;A;Gjennomsnitt av observasjoner gjennom perioden;2024-07;10,8038
M;Månedlig;USD;Amerikanske dollar;NOK;Norske kroner;SP;Spot;4;false;0;Enheter;A;Gjennomsnitt av observasjoner gjennom perioden;2024-08;10,7073
M;Månedlig;USD;Amerikanske dollar;NOK;Norske kroner;SP;Spot;4;false;0;Enheter;A;Gjennomsnitt av observasjoner gjennom perioden;2024-09;10,6121
M;Månedlig;USD;Amerikanske dollar;NOK;Norske kroner;SP;Spot;4;false;0;Enheter;A;Gjennomsnitt av observasjoner gjennom perioden;2024-10;10,8141
M;Månedlig;USD;Amerikanske dollar;NOK;Norske kroner;SP;Spot;4;false;0;Enheter;A;Gjennomsnitt av observasjoner gjennom perioden;2024-11;11,0454
M;Månedlig;USD;Amerikanske dollar;NOK;Norske kroner;SP;Spot;4;false;0;Enheter;A;Gjennomsnitt av observasjoner gjennom perioden;2024-12;11,1988
M;Månedlig;USD;Amerikanske dollar;NOK;Norske kroner;SP;Spot;4;false;0;Enheter;A;Gjennomsnitt av observasjoner gjennom perioden;2025-01;11,3448
M;Månedlig;USD;Amerikanske dollar;NOK;Norske kroner;SP;Spot;4;false;0;Enheter;A;Gjennomsnitt av observasjoner gjennom perioden;2025-02;11,196
M;Månedlig;USD;Amerikanske dollar;NOK;Norske kroner;SP;Spot;4;false;0;Enheter;A;Gjennomsnitt av observasjoner gjennom perioden;2025-03;10,6867
M;Månedlig;USD;Amerikanske dollar;NOK;Norske kroner;SP;Spot;4;false;0;Enheter;A;Gjennomsnitt av observasjoner gjennom perioden;2025-04;10,5593
M;Månedlig;USD;Amerikanske dollar;NOK;Norske kroner;SP;Spot;4;false;0;Enheter;A;Gjennomsnitt av observasjoner gjennom perioden;2025-05;10,2881
M;Månedlig;USD;Amerikanske dollar;NOK;Norske kroner;SP;Spot;4;false;0;Enheter;A;Gjennomsnitt av observasjoner gjennom perioden;2025-06;10,0577
M;Månedlig;USD;Amerikanske dollar;NOK;Norske kroner;SP;Spot;4;false;0;Enheter;A;Gjennomsnitt av observasjoner gjennom perioden;2025-07;10,1519
M;Månedlig;USD;Amerikanske dollar;NOK;Norske kroner;SP;Spot;4;false;0;Enheter;A;Gjennomsnitt av observasjoner gjennom perioden;2025-08;10,2013
M;Månedlig;USD;Amerikanske dollar;NOK;Norske kroner;SP;Spot;4;false;0;Enheter;A;Gjennomsnitt av observasjoner gjennom perioden;2025-09;9,9474
M;Månedlig;USD;Amerikanske dollar;NOK;Norske kroner;SP;Spot;4;false;0;Enheter;A;Gjennomsnitt av observasjoner gjennom perioden;2025-10;10,0285
M;Månedlig;USD;Amerikanske dollar;NOK;Norske kroner;SP;Spot;4;false;0;Enheter;A;Gjennomsnitt av observasjoner gjennom perioden;2025-11;10,1558
M;Månedlig;USD;Amerikanske dollar;NOK;Norske kroner;SP;Spot;4;false;0;Enheter;A;Gjennomsnitt av observasjoner gjennom perioden;2025-12;10,1196
M;Månedlig;USD;Amerikanske dollar;NOK;Norske kroner;SP;Spot;4;false;0;Enheter;A;Gjennomsnitt av observasjoner gjennom perioden;2026-01;9,941
M;Månedlig;USD;Amerikanske dollar;NOK;Norske kroner;SP;Spot;4;false;0;Enheter;A;Gjennomsnitt av observasjoner gjennom perioden;2026-02;9,5744
